Subject,Site Name,Site URL,Hero Architecture,Page Sequence,Content Pillars,Proof System,Offer and Conversion System,Copy Mechanics,Reusable Patterns,Quality Flags,Content Score,Error
Chris & Kimberly Roberts (CR Legal Team) | https://www.crlegalteam.com/,Chris & Kimberly Roberts (CR Legal Team),https://www.crlegalteam.com/,"The hero targets people injured in accidents, especially North Carolina personal-injury prospects, with the promise “We Stand Up For You®” and support for complete financial, medical, and emotional recovery. It pairs a free case review with a phone CTA (“888-THE-TEAM”), then immediately reinforces trust with experience, clients served, recoveries, recommendations, availability/no-upfront-fees claims, and professional-association badges. The promise is emotionally protective and whole-person oriented, though several numeric proof counters render ambiguously in extracted text.",Hero > Trust counters and badges > Accident anxiety/problem framing > Whole-Person Legal Care™ method > Medical/financial/emotional/legal support pillars > Client testimonial > Origin story > Team > Practice-area and location navigation > Repeated contact CTA > Reviews/FAQs/newsletter/social proof,"Whole-Person Legal Care™; Personal-injury advocacy and accident recovery; Care Like Family / Listen To Learn / Do What’s Right; Chris and Kimberly’s service-and-family origin story; Safety, prevention, wellness, and community education; Roberts Center scholarships and community programs; Team expertise and accessibility; Legal tips, safety resources, and community updates","Authority is built through stated 36+ years in business, billions recovered, thousands of five-star reviews, 600 years of combined legal experience, a 95% recommendation figure, professional memberships/badges, named leadership, seven office locations, testimonials, and a speaking/media page citing national interviews and industry summits. Specificity is mixed: the experience and location claims are concrete, but many outcome claims lack case-level figures, dates, matter descriptions, or links to verifiable evidence; testimonials are numerous but mostly qualitative.","The core offer is a free, no-obligation case review/consultation with no upfront fees, supported by a broad whole-person care model and access to legal, medical, financial, and emotional resources. CTA hierarchy is phone-first (“888-THE-TEAM”), supplemented by instant chat, online review forms, text, and in-person/home/hospital availability. A speaking/media inquiry form serves a secondary B2B audience, while a two-field newsletter captures lower-intent leads with legal-care tips, safety advice, and community news. Qualification is soft: the firm promises referrals if a case is not a fit.","The copy uses an accident-before/after contrast (“One moment, life was normal”), anxiety questions about bills, work, injury severity, and insurers, followed by an antagonist frame in which insurance companies minimize payouts and the legal system is not built to protect claimants. It reframes legal service as care for a whole person rather than case handling, repeatedly turns the brand promise into a verbal motif (“Stand Up For You”), and uses family, service, faith, and community language to humanize the founders. Objection handling includes no upfront fees, 24/7 access, meeting clients wherever needed, free consultations, and referral help when the matter is outside scope. The speaking page extends the narrative from courtroom advocacy to education and community impact.","Branded care methodology—turns service breadth into memorable IP; Founder origin story—connects family, values, and mission; Anxiety-to-method transition—names prospect fears before presenting a framework; Multi-path contact—supports phone, chat, online, text, and in-person preferences; Soft qualification promise—refers out poor-fit inquiries; Trust stack—combines tenure, outcomes, reviews, badges, team, and locations; Community flywheel—links core-business revenue to prevention and civic programs; Dual-audience inquiry path—separates client conversion from speaking/media demand","The architecture is coherent and conversion-oriented, but proof is often asserted rather than demonstrated: “billions recovered,” “higher settlements,” “proven results,” “maximum compensation,” and “thousands of five-star reviews” need dated, linked substantiation. Homepage counters appear as 0+/0% in extracted content, creating a technical credibility risk. The linked Services and Case Studies URLs resolve to a 404-style page rather than substantive service or case-study detail, weakening offer clarity and evidence depth. The broad geographic and case scope may also require clearer jurisdiction and matter-fit qualification.",7.6,
Ross Bushman (B Long Ventures) | https://blongventures.com/,Ross Bushman (B Long Ventures),https://blongventures.com/,"The hero promises to help executives and companies “Manage Organizational Madness,” define their ethos, and scale the business toward a vision of success in business and life. The audience is executives, CEOs, family-owned/private companies, and growth-stage businesses. Qualification is implied through executive/company language and a Scaling Up Certified Coach badge; the primary CTA is “Book A Consult.” Secondary paths include ordering Ross’s book, downloading the Personal Vision Navigator Guide, and requesting him for speaking.",Hero promise > Lead magnet > Problem/plateau framing > Personal introduction and origin > Testimonials > Speaking/topics and success-story links > Blog/resources > Consult CTA,"Organizational clarity and ethos; Scaling Up framework; People, Strategy, Execution, Cash; Family-business growth and succession; Crisis leadership and resilience; Vision for business and life; Culture and team alignment; Speaking/leadership education","Authority is built primarily through Ross’s first-person operating history: CEO of Cast-Fab, a 2008–09 revenue shock, workforce decisions, a later family-business sale, negotiations with GE and Siemens, and implementation of Scaling Up principles. Testimonials name three business professionals and their organizations, but mostly describe trust, insight, and confidence rather than quantified outcomes. Speaking/media pages add topic breadth and links to two media reprints. Evidence is credible in narrative specificity, but lacks case-study metrics, dates, client results, deal details, or independently verifiable credentials beyond the visible badge and media links.","The core offer is advisory work for executives, organized around People, Strategy, Execution, and Cash, with a free consult positioned as a diagnostic conversation covering vision, current challenges, and next steps. A differentiated secondary offer lets select clients exchange an ownership stake for Ross’s strategic growth partnership over 2–3 years, with a buyback option. Speaking is a separate request path with fields for event size, budget, date, and topic. The Personal Vision Navigator Guide is the recurring email lead magnet; CTAs consistently prioritize Book A Consult, with no visible pricing or detailed engagement tiers.","The site uses crisis-to-credibility storytelling: “2009 almost broke me,” followed by operational, family, and emotional stakes, then a transformation into resilience-led advisory work. Repeated tension contrasts knowing the right thing with doing it, business success with family well-being, and growth with comfort. “Manage Organizational Madness,” “touch the third rail,” “There Is No Finish Line,” and “Ready to Become My Next Success Story?” provide memorable framing. Objections are handled through the free-consult promise, the assurance that support is offered whether or not they work together, and a fit check. Qualification remains broad: executives, medium-sized companies, and startups seeking 20X growth are all invited, while select-capital language signals scarcity without defining criteria.","Crisis-origin narrative: turns lived adversity into differentiated authority; Four-part operating framework: makes a broad advisory offer scannable; Business-plus-life promise: widens emotional relevance beyond growth; Diagnostic consult agenda: makes the CTA concrete and lowers risk; Separate speaking funnel: captures event-specific qualification data; Selective equity partnership: creates a premium, high-commitment offer; Recurring practical lead magnet: supports email capture across pages; Named testimonials: adds role/company context even without quantified results","The architecture is coherent and personal, but several claims remain broad or weakly substantiated: “expert,” “master,” “successful exit,” “scale…20X,” and “fair return” lack supporting metrics or documentation. Testimonials are duplicated and outcome-light, and there are no detailed case studies showing before/after performance. The advisory audience spans family businesses, medium-sized firms, and startups, which may dilute positioning. The equity-investment offer needs explicit eligibility, structure, risk, and legal disclosures. The guide’s contents and consult follow-up process are not fully explained.",7.2,
Jenna Phillips Ballard | https://jennaphillipsballard.com/,Jenna Phillips Ballard,https://jennaphillipsballard.com/,"The hero positions Jenna as a transformation coach offering a “permission slip” to ambitious, conscious women: embrace masculine/feminine energy, lead life, express self, experience abundance, and manifest miracles. A video supports the promise, followed immediately by a “Master Manifestor Starter Kit” opt-in containing a Permission Video and Inner Abundance Method PDF. The audience is emotionally aspirational rather than tightly segmented; qualification becomes clearer deeper in the site through “female leader or new entrepreneur,” “conscious and results-driven,” and successful-entrepreneur language.",Hero/video > Starter-kit opt-in > Manifesto > Belief system > Work-with-me promise > Origin story > Celebrity/client credibility > Music > Speaking/media > Testimonials and video proof > Repeated manifesting opt-in > Social feed,"Permission and self-expression; Manifestation and abundance; Conscious female leadership; Self-love, healing and identity; Practical-plus-spiritual transformation; Legacy and impact; Speaking and live transmission; Music as transformation","Authority is built through a layered but uneven mix: a coma/brain-trauma recovery story; claimed celebrity and Saudi-royalty clientele; certified personal-trainer and life-coach history; media references including Dr. Phil and The Doctors; co-founding Ascension Leadership Academy; “over 50 stages”; named client testimonials with titles and many linked videos; and offer-specific delivery details. Proof is strongest where names, roles, formats, prices, capacity limits, and program components are specified. Outcome evidence is mostly qualitative, with little independently verifiable measurement, case-study chronology, or third-party validation of headline claims.","The ladder runs from free Master Manifestor Starter Kit and recurring Miracle Mondays to a 4-week Inner Abundance Method, 12-week I•▲M Her Now, Ascension Leadership Academy, speaking, partnership/collaboration, and premium Impact Portal private coaching. CTAs use emotionally branded language (“I’m All In,” “I AM,” “Get on the Waitlist,” “Apply Now”) rather than conventional product labels. Lead capture is name/email plus consent; I•▲M Her Now uses a Typeform waitlist and selective-intake framing, while speaking and contact forms collect operational details such as event size, budget, date, and request.","The dominant mechanism is permission-based identity transformation: “You already are all of it,” “have it all without having to do it all,” and “transform pain into purpose.” The coma and recovery narrative supplies a dramatic rebirth origin, while manifesto language creates belonging around leaders, magic, abundance, and legacy. Offer pages sharpen tension by contrasting pragmatic business programs with “fluffy” manifestation programs, or evergreen courses with dynamic, intimate support. Qualification appears through identity labels, readiness language, limited cohorts, twice-yearly selection, limited client capacity, and explicit application requirements. The copy is highly emotive, rhythmic, absolutist, and spiritually coded, often promising ease, miracles, rapid transformation, and “level 10” results.","Permission-slip hero: turns aspiration into an emotionally ownable identity; Manifesto bridge: establishes worldview before selling; Origin-to-method narrative: converts personal adversity into coaching authority; Offer ecosystem: maps free, cohort, academy, speaking, and VIP paths; Contrast positioning: differentiates practical-plus-spiritual work from “fluffy” or overly tactical alternatives; Capacity-based qualification: uses limited spots and selective intake for premium offers; Proof carousel: combines named roles, testimonials, and video links; Operational inquiry form: captures budget, timing, event size, and request type","The architecture is distinctive and emotionally coherent but can feel diffuse: “abundance,” “magic,” “miracles,” healing, leadership, music, and legacy compete for primary meaning. Claims such as “rapid and lasting transformation,” “10xing” companies, “thousands,” “over 50 stages,” “proven,” “change your life in an instant,” and magnetizing abundance are not consistently supported by quantified outcomes or third-party evidence. Celebrity-name proof is presented largely as a list, with limited context on scope or dates. The $30k/$57k/$100k VIP offers include unusually explicit pricing and capacity, but plant-medicine language warrants careful legal, ethical, and expectation-setting review.",8,
Fintitan | https://fintitan.com/,FinTitan,https://fintitan.com/,"The homepage promises to help small and midsize businesses reclaim overlooked federal tax credits and increase profitability through compliance-first specialization. It speaks broadly to entrepreneurs, then names restaurant, hospitality, innovation, hiring, energy, fuel, and import-duty use cases. Proof/qualification is front-loaded through claims of $2.12B+ recovered, 5,000+ clients, 80+ years of combined experience, audit defense, and success-based fees. Primary CTAs are “Calculate Your Credits,” “View Services,” and consultation scheduling, with no-upfront-cost positioning.",Hero > Authority metrics > Compliance/fee/process benefits > Specialized incentives > Event/video proof > Consultation CTA > Footer/contact,Tax credit recovery; Compliance and audit defense; Specialized incentive programs; Small-business advocacy; Proprietary technology; CPA/partner enablement; Founder expertise and origin story; Educational resources and eligibility guidance,"Authority is substantiated with large aggregate claims ($2B+ recovered, 5,000+ clients, 50 states), founder credentials and prior-company experience, named institutions, offices, specialized team roles, a growth timeline, resource videos, and FICA case examples ranging from $13,000 to $349,000. Evidence is strongest where the site gives program-specific calculations, filing periods, locations, business structures, and recovery amounts. However, most aggregate claims lack linked source documentation, client names, methodology, or independently verifiable case-study detail.","The core offer is success-based tax-credit recovery with no upfront cost, supported by free eligibility reviews, free consultations, program-specific assessments, and an interactive FICA estimator. The offer ladder spans multiple incentive programs plus a partner channel for CPAs, payroll providers, and consultants. CTA hierarchy moves from calculator/assessment to consultation, contact form, phone, and partner application. Resources add a monthly newsletter subscription, webinars, downloadable PDFs, and videos, but the primary lead capture remains sales-oriented rather than a robust segmented lead magnet.","Copy uses capital-recovery language and direct financial tension: “The government owes you more than you think,” “RECLAIM YOUR CAPITAL,” and “DON’T LEAVE MONEY ON THE TABLE.” The narrative contrasts overlooked small businesses with generalized institutions and positions FinTitan as a caring, technology-enabled advocate that complements—not replaces—the CPA. Qualification is mostly program-based: tipped employees, R&D activity, target hiring groups, or eligible energy/fuel activity. Objection handling emphasizes no upfront cost, audit defense, secure data, non-binding estimates, broad eligibility, and documentation support. The language is confident and benefit-led, but often broad and institutionally polished rather than deeply differentiated.",Program-specific service hubs with eligibility and mechanics; Calculator-led qualification for high-value incentives; Proof bands combining aggregate metrics and concrete examples; Compliance-first reassurance to reduce tax-risk objections; CPA-partner positioning that avoids channel conflict; Founder letter tying mission to market problem; Resource library segmented by format and educational intent; Success-fee CTA framing to lower initial commitment,"The architecture is clear and commercially coherent, but it is more a specialist tax-services company site than a personal-brand site. “Billions,” “proprietary technology,” “national leader,” “full audit defense,” and expert-team claims need substantiation, methodology, or named personnel. Case studies are unusually specific in amounts but omit client names, dates, filing evidence, and outcome documentation. The homepage references disaster recovery and a 2026 event, while navigation and service inventories are not perfectly consistent. Legal/tax claims and “government owes you” rhetoric require careful qualification and current-program validation.",7.8,
Mathieu Jang | https://www.jang.io/,Mathieu Jang,https://www.jang.io/,"The hero promises mastery of digital marketing and high-ticket sales to gain “freedom, wealth & flexibility” and live life by design. The implied audience is dissatisfied employees and aspiring online entrepreneurs seeking income, time freedom, travel, and mentorship. Primary CTAs are “Message Me” and “Book Me to Speak,” with qualification mainly through pain-point questions rather than eligibility criteria. The page supports the promise with founder-story claims and client-result numbers below the fold.",Hero promise > Pain/desire qualification > Future-state visualization > Founder story and credentials > Mission > Testimonial > Blog/content > Lead magnet > Contact/social CTAs,High-ticket selling; Digital marketing and affiliate marketing; Automation and online business systems; Lifestyle and financial freedom; Entrepreneurial origin story; Mentorship and personal development; Speaking on mindset and income; Educational blog content,"Authority is substantiated through a personal rags-to-riches narrative, named mentors, media and podcast appearances, one long-form testimonial from Braedon Jones, a shorter testimonial from Rob Brautigam, social-media testimonial imagery, and quantitative claims: over $100 million in sales, multiple 7- and 8-figure businesses, 350+ people leaving jobs, 100+ first-six-figure earners, and eight first-time millionaires. Evidence is directionally persuasive but light on dates, campaign context, attribution, verifiable case-study detail, and independently documented outcomes.","The visible architecture suggests mentorship/coaching or joining an online-business team, plus speaking, consulting, interviews, and a BioEdge affiliate link. “Message Me” via Facebook Messenger is the dominant low-friction CTA; speaking has dedicated inquiry forms and “Book Me to Speak” buttons. A recurring “secret $1K per day playbook” lead magnet captures name, email, and phone, while Contact separates general, speaking/media, interview, and consulting inquiries. No transparent pricing, program structure, application steps, or clear offer ladder is shown.","The copy uses direct-response tension: a bold lifestyle promise, second-person pain questions, an imagined freedom state, and a founder transformation from a $9/hour butcher-shop job to high-ticket marketing success. It uses colloquial intensity (“broke and pissed,” “shitty circumstances”) to signal authenticity and contrast against generic education. Objections are addressed through empathy, failed past attempts, mentor access, and a “tested, tried and true” method. Qualification is soft: willingness to work and desire for freedom are implied, but audience fit, prerequisites, risk, and realistic outcome boundaries are not operationalized.",Pain-to-possibility hero; Founder-origin credibility arc; Quantified authority stack; Long-form testimonial as objection handling; Dedicated speaking/media funnel; Multi-intent contact routing; Recurring lead-magnet capture; Messenger CTA for low-friction conversion,"The strongest claims—$100M+ sales, 350 job replacements, 100+ six-figure earners, and first-time millionaires—lack case links, dates, methodology, or third-party validation. Testimonials are highly subjective, one is duplicated, and “social media” proof is not explained. The page makes expansive income and lifestyle promises, including $10k passive income and “never having to work,” without meaningful disclaimers or qualification. Speaking content also contains apparent placeholder/lorem-ipsum copy, signaling incomplete implementation.",6.4,
Aleric Heck | https://aleric.com/,Aleric Heck,https://aleric.com/,"The hero positions Aleric as a “Serial Entrepreneur. Successful Investor. Savvy Businessman,” aimed broadly at entrepreneurs and business owners. It leads with identity and authority rather than a sharply defined customer promise, then supports the positioning with featured-media logos, a founder video, and two CTAs: “Get in Touch” and “Play Video.” The more concrete promise appears below: empowering entrepreneurs to use value-driven video and YouTube to grow their businesses.",Identity-led Hero > Featured-in Logos > Founder Origin/Authority > Client Praise > Video Testimonial Library > Media/Podcast Features > Ventures/Companies > Speaking/Press CTAs > Training Lead Capture > Social Links,YouTube ads and value-driven video marketing; Entrepreneurial origin story; Empowering entrepreneurs and positive ripple effects; Portfolio building and investing; AppFind and technology media; Speaking and thought leadership; Client growth testimonials; Mindset and omnipresence,"Authority is substantiated through several layers: AppFind is described as a 500k+ subscriber channel; AdOutreach is described as an 8-figure company whose clients generated multiple 9 figures; the site cites ClickFunnels 2CommaClub-X, Inc. 5000 recognition and a stated 6,054% three-year growth figure; it also links Inc., Forbes and other media, names notable stages and industry leaders, and presents many client testimonials with metrics such as 5X ROAS, 7.5X ROAS, 50% revenue growth and $100K from $10K ad spend. Evidence is specific in outcomes but light on dates, baselines, methodology and independently verifiable case-study detail.","The site routes visitors into distinct pathways: speaking, interviews, media inquiries, partnerships/JVs, investment opportunities and a consultation for AdOutreach. The Connect page uses segmented inquiry options and forms; speaking requests require organization, event size, budget and date, creating useful qualification. A free 90-minute Entrepreneur’s Mindset Training and journal serves as the lead magnet, while the lower-funnel CTA is a complimentary call to map a custom video-marketing strategy, linking to AdOutreach’s application. No visible detailed service tiers, pricing, process breakdown or conventional case-study pages appear on the personal site.","The narrative uses a high-drama founder arc: childhood iPod curiosity, a YouTube channel followed by few people, a $60,000-per-year teenage claim, an $11,000-user result from a $500 ad budget, rejection of a six-figure Silicon Valley offer, and the line “I didn’t want to be the knight in somebody else’s Castle.” The central tension shifts from agency dependency to teaching clients to “fish for themselves.” Copy repeatedly escalates authority with superlatives such as “#1 authority,” “largest,” “leading,” “phenomenal results” and “world’s leading expert.” Qualification is strongest for speaking through case-by-case availability and budget/event fields; general visitors receive broad CTAs rather than explicit fit, disqualification or objection handling.","Founder-as-proof timeline: converts biography into a capability narrative; Portfolio proof hub: lets one personal brand endorse multiple ventures; Metric-led testimonial wall: makes outcomes scannable across niches; Segmented contact routing: matches CTA to intent; Qualified speaking form: captures budget, event size and date; Media/stage credibility stack: compounds third-party authority; Educational lead magnet: turns broad traffic into owned leads; Mission bridge: connects commercial expertise to an impact-oriented belief","The architecture is rich in authority signals and conversion destinations but lacks a crisp primary audience and single core offer. Several claims rely on superlatives (“#1,” “largest,” “world’s leading”) or aggregate outcomes without linked methodology, dates or full case studies. Testimonial metrics are compelling but often lack spend periods, attribution rules and context. The site also contains apparent copy/template quality issues, including duplicated testimonials, placeholder-looking video labels/URLs on speaking pages, inconsistent age/time claims, and limited visible privacy/consent detail around lead forms.",7.6,
Hossam Nabil (Stay Strong) | https://www.stay-strong.co/,Hossam Nabil (Stay Strong),https://www.stay-strong.co/,"The hero introduces “The 5 A’s Formula” and promises to help organizations build “A-Level,” world-class corporate and HR performance, with leadership as the core driver. The implied audience is HR professionals and organizations competing for high-performing talent. Proof is signaled through client/talent logos, accreditation language, and the named proprietary framework, while the primary CTA is a free consultation framed as discovering a customized solution. The promise is broad and enterprise-oriented; qualification is light, mostly implied by the HR role and organizational context.",Hero > Client/talent strip > HR problem and competitive tension > 5 A’s mechanism > Tailored/customized solution positioning > About/company authority > Success stories/testimonials > HR advice/blog > Complimentary consultation CTA > Social/contact footer,"Attracting, hiring and retaining A-Players; The 5 A’s Formula: Attract, Aspire, Align, Advance, Award; Leadership development and strengths-based coaching; Organizational culture and employee engagement; Performance management and alignment; Compensation, rewards and pay structures; HR innovation, research and AI; Practical corporate strategy and future readiness","Authority combines named certifications/accreditations, Hossam’s claimed 15+ years of experience and former B.TECH head-of-HR role, partner biographies, client/brand references, and a substantial testimonial library with names and titles from organizations including NN Insurance, Siemens, Goody, CITC and International Medical Center. Evidence is credible in breadth but uneven in specificity: testimonials are mostly qualitative, outcomes and case-study metrics are scarce, and claims such as “backed-by-science,” “proven,” “Fortune 500 quality,” and “200% productive employees” are not substantiated on the reviewed pages.","The architecture leads with a complimentary consultation rather than priced or self-serve offers. The main ladder is tailored corporate consultancy as the flagship/long-term engagement, leadership-development coaching for individuals or teams, and five framework-linked service areas under the 5 A’s. Repeated CTAs include “Book Your Complimentary Consult,” “Schedule Your Consult,” and WhatsApp/contact forms. Lead capture is low-friction but minimal—typically name and email, with company, phone, subject, message or comments appearing on some forms—and the consultation is positioned as both qualification and a roadmap to the appropriate solution.","Copy uses repeated competitive-war and scarcity tension around finding, attracting, hiring and keeping A-Players, then contrasts Stay Strong’s “tailored,” “future-proofed,” “science-backed” approach with generic or outdated HR solutions. The proprietary 5 A’s sequence supplies memorability and a method narrative, while personalization language (“your situation,” “your people,” “your goals”) reduces the one-size-fits-all objection. The origin story is institutional rather than personal: research and development, innovation, certifications, Hossam’s HR background, and partner expertise. Qualification is mostly delegated to the consultation; there is little explicit budget, company-size, readiness, or exclusion language. Some phrasing is highly promotional and repetitive.","Named-framework hero: makes an abstract consultancy promise memorable; Problem-to-mechanism narrative: converts HR pain into a proprietary process; Modular framework pages: maps each pillar to distinct services; Tailored-consultation gate: uses discovery to route buyers without publishing prices; Authority stack: combines founder credentials, team bios, accreditations and logos; Testimonial library: adds role and employer context even when outcomes are absent; Repeated CTA choreography: keeps consultation action visible across long pages; Advice-to-offer bridge: uses topical HR articles to reinforce expertise and direct readers toward consultation","The site has a coherent proprietary architecture and strong CTA repetition, but the evidence base is lighter than the confidence of the claims. Most testimonials describe experience rather than measurable business results; detailed case studies, before/after metrics, methodology citations, named accrediting bodies, and deliverable/timeline/pricing boundaries are not prominent. The homepage and Work With Us copy repeat the same A-Player promise extensively. “Backed-by-science,” “proven,” “revolutionize,” “exponentially grow,” and Fortune 500 equivalence should be supported or softened. The site presents no dedicated Speaking page in the reviewed navigation.",7.1,
Kathryn Janicek | https://kathrynjanicek.com/,Kathryn Janicek,https://www.kathrynjanicek.com/,"The hero positions Kathryn as a “Speaker & High-Stakes Communications Trainer” for leaders whose credibility is consequential, with immediate CTAs to book speaking or executive coaching. It combines a strong testimonial (“best opening mainstage address…”) with qualification markers—3x Emmy Award Winner, former TV executive, Fortune 500 consultant—then frames the audience more specifically as CEOs, C-suite and board-facing executives, physicians, founders, and women leaders. The promise is authority that matches capability in public, media, and executive moments.",Hero > Video/credibility > Origin story > Experience and company bridge > Problem/tension > Audience and needs > Results > Signature framework > Keynotes > Past engagements > Media and podcasts > Testimonials > Personal story > Contact/booking CTA,"Executive presence and boardroom authority; high-stakes communication and media preparation; trust, credibility, and influence; leadership stamina and burnout resistance; founder/investor communication; keynote speaking; crisis and reputation communication; sales trust and client retention","Authority is substantiated through three Emmy awards, two-plus decades in live television and breaking news, former TV executive experience, Fortune 500 consulting, named organizations and engagements (including DHS, YPO, CHIEF, CIBC, Oracle, Deloitte, and NAPO), media/podcast appearances, a downloadable speaker kit, and client testimonials. The strongest evidence is contextual—collapse-of-the-35W-Bridge crisis work, earnings calls, congressional testimony, and named stages—but outcomes remain mostly qualitative; few quantified case studies, before/after examples, or independently verifiable performance measures appear on the homepage.","The visible ladder is keynote speaking, executive coaching, and broader leadership/media engagements through Janicek Performance Group. Multiple “Book Now” and “Book Kathryn to Speak” CTAs create a speaking-first path, while “Executive Coaching” anchors the consulting path. The site also offers a speaker-kit download and an intro-call booking link, plus a general message route. There is no obvious email newsletter, diagnostic, or substantive lead magnet; conversion relies on direct contact and calendar booking rather than application-based qualification.","The copy repeatedly uses high-stakes tension: leaders are “technically brilliant but not landing,” mistakes are “public and permanent,” and authority is felt “before you speak.” The origin story turns live-TV crisis leadership into a differentiated method, while blunt diagnostic language (“over-explain,” “speak too fast,” “hide behind slides”) makes the problem recognizable. The framework names—What Shows Up First, Message Discipline, Pressure Testing, Leadership Stamina, Long-Term Presence—convert expertise into a memorable system. Qualification is implicit through high-risk roles and seniority, not through explicit budget, fit, or readiness filters. Personal narrative around IVF, leadership, and burnout adds humanity without displacing executive positioning.","High-stakes positioning—frames communication as risk, credibility, and consequential performance; Crisis-origin authority—uses a specific pressure event to explain the method; Diagnostic problem language—names observable behaviors instead of generic pain; Named framework—packages presence, message, rehearsal, stamina, and consistency into a teachable system; Audience segmentation—lists senior roles and contexts to self-qualify; Keynote takeaway blocks—makes talks legible to event buyers; Proof stack—combines credentials, named engagements, media, and testimonials; Dual CTA path—separates speaking booking from coaching/contact intent","The architecture is unusually clear and premium, but evidence is weighted toward credentials and testimonials rather than quantified client outcomes. Several claims—such as “highest rated keynote in history,” “25+ years,” “no one better,” and broad statements about moving markets or capital—need supporting detail or third-party substantiation. The homepage references work with leaders and organizations but does not expose case-study narratives, methodology artifacts, pricing/engagement scope, or explicit fit criteria. Repeated “Book Now” CTAs may blur the distinction between keynote buyers and coaching prospects.",8.1,
Jon Benson | https://www.jonbenson.com/,Jon Benson,https://jonbenson.com/,"The homepage frames Jon as a conversion/copywriting authority for entrepreneurs, marketers, copywriters, and online businesses: “Command the world with your words,” supported by “Inventor of the VSL,” “Billion Dollar Copywriter,” a Ryan Deiss endorsement, client results, media logos, and product credentials. The primary low-friction CTA is an email opt-in for the free 3-Minute Sales Multiplier, promising email-sales gains “up to 324%”; higher-intent CTAs route visitors to tools, private coaching, speaking, or the book.",Hero/video and endorsement > positioning credentials > free email-sales lead magnet > tools and training > testimonials/results > media and podcast content > speaking offer > book promotion > personal origin/About story > projects and interests > private coaching CTA > contact/social,"Direct-response copywriting and conversion; VSL invention and methodology; hooks, funnels, and ascension; AI copywriting software; email marketing; private consulting/coaching; speaking and marketing education; personal reinvention, fitness, poetry, music, and relationships","Authority is built through named testimonials from prominent marketers, client logos, speaking-stage associations, media badges, product/brand history, and quantified claims such as doubled conversions, seven-figure wins, $50M offers, and $12B in sales. The proof is strongest when tied to a named client and a concrete intervention/result, as in Venus Factor and BioTrust examples, but much of the larger revenue language is aggregate, self-reported, date-unclear, or presented without case-study documentation, methodology, or independent verification.","The ladder runs from a free email-gated Sales Multiplier download to paid tools/training, a book, speaking, and premium OfferX private coaching. CTAs are explicit and repeated: “Get BNSN,” “Use Our Tools & Training,” “Book Me To Speak,” “Work With Me Privately,” and direct payment/scheduling for one-hour, three-hour, or full-day consulting. OfferX uses scarcity (three to four quarterly spots), price anchoring ($5,000/hour; lower retainer rate), confidentiality, and qualification. Contact forms segment general, coaching, speaking, and media inquiries; speaking forms request event size, date, budget, and topics.","The copy uses provocative, masculine, high-stakes metaphors—“war,” “offer jungle,” “800-pound gorilla,” “badass”—to create urgency and identity tension. The About page supplies a strong rebirth narrative: a heart attack, a reset, a shift from fitness publishing to internet marketing, and the origin story of the “ugly” VSL. OfferX converts objections about price and fit into status qualification through “expensive,” “elite few,” “no refunds,” and ethical-client screening. Repeated mechanisms include named proprietary concepts (“Golden Hook,” “Funnel,” “Ascension”), dramatic revenue outcomes, direct second-person commands, and testimonial-led reassurance.","Origin-as-method: turn a crisis and career pivot into proprietary authority; Named mechanism triad: organize the offer around memorable diagnostic pillars; Segmented CTA ladder: match free education, products, coaching, speaking, and media to intent; Qualification copy: use price, scarcity, ethics, and “not for everyone” language to filter leads; Proof stacking: combine named testimonials, logos, results, credentials, and case studies; Case-study intervention framing: show problem > specific change > reported result; Founder-as-portfolio: connect ventures, products, and interests to a broader brand; Email-first capture: place a concrete tactical giveaway before premium conversion","The architecture is rich and conversion-oriented, but claims such as “world’s first” VSL, “#1” platforms, $12B/$1.2B totals, “never an unsatisfied client,” and universal client-success language need independent substantiation and clearer dates. Several testimonials are duplicated, some case-study details are incomplete or legacy-dated, and a Speaking page contains obvious placeholder lorem ipsum. The aggressive “war/badass” voice may narrow audience fit, while contact data and form copy show signs of template or maintenance issues.",8,
Kevin Rutherford (Rutherford Group) | https://www.rutherfordgroup.org/,Kevin Rutherford (Rutherford Group),https://www.rutherfordgroup.org/,"The public site positions Rutherford Group as a consulting, coaching, and development firm for organizations, leaders, HR professionals, and line managers, promising stronger leadership, workforce capability, HR impact, and organizational performance. The clearest promise is “the intersection of business and people,” supported by claims of global clients, award-winning practitioners, and Fortune 100/Global 1000 trust. Primary CTAs are “Get Started,” “Let’s Get Started,” “Start a Conversation,” and a free Book Club signup; the contact form qualifies visitors by need, timing, and budget.","Navigation/positioning > What We Do practice areas > How We Do It / 7D Framework > Consulting, Coaching, Development, Assessments > Who We’ve Helped / case studies and testimonials > About / values, principles, team > Leadership Academy > Contact / project intake > Free Book Club > social follow-up","Business–people alignment; Leadership and talent development; Strategic HR and workforce planning; Organizational performance, culture, and analytics; 7D delivery framework; Personalized leadership competency development; Assessments and talent intelligence; Reading, training, and actionable learning","Authority is built through named founder and consulting partners, LinkedIn profiles, a downloadable client list, “hundreds of companies” and global-client claims, “award-winning” positioning, claims of Fortune 100 and Global 1000 trust, a proprietary 7D Framework, a 10x Leadership Competency Model, and multiple testimonial blocks. Case-study formats identify challenge, help, and outcomes, including a stated 50% turnover reduction and “over 70 job descriptions,” but most client names, dates, baselines, methodology, and independently verifiable award details are withheld, so evidence is credible in structure but uneven in specificity.","The offer ladder runs from free Book Club content and social/video learning to academies and modular development, then assessments, coaching, consulting, and broader strategic HR or organizational-performance engagements. CTAs repeatedly use low-friction “Learn More,” “Get Started,” and “Start a Conversation,” while Contact asks for project need, desired completion date, budget band ($50,000 to over $500,000), email, and phone. The form is a strong qualification mechanism; no clearly visible speaking offer, webinar funnel, downloadable lead magnet beyond the book list/gifts, or explicit application process was found.","The copy repeatedly frames the problem as a gap between business strategy and people execution: “the people side of business” and “the business side of people.” It uses tension contrasts such as “what got you here, may not get you there,” “clarity from chaos,” “making the complex simple,” and rejection of “one-size-fits-all” leadership training. Origin story is light; credibility comes more from decades of practice, practitioner language, frameworks, and client outcomes than from Kevin Rutherford’s personal narrative. Qualification is explicit in coaching (“we only work with successful individuals who want to improve”) and in the contact form’s budget/timing fields. The site also uses a teach/co-develop/do-it-for-you choice architecture.","Business–people intersection promise: translates HR into business outcomes; Proprietary framework anchor: makes delivery memorable and ownable; Practice-area plus method split: separates what the firm solves from how it works; Three engagement modes: lets buyers choose do, co-develop, or teach; Evidence-led case-study template: challenge, intervention, outcomes; Qualification-first contact form: captures need, timing, budget, and identity; Free intellectual-property lead magnet: converts learning interest into email capture; Objection handling through personalization: counters generic training and one-size-fits-all concerns","The architecture is broad and professionally organized, but the homepage extraction exposes little hero copy and relies heavily on generic phrases such as “exceptional results fast,” “game-changing,” and “world-class.” Several claims—award-winning status, Fortune/Global 1000 trust, 250,000 leaders assessed, and “hundreds of companies”—need dates, names, links, or methodology. Testimonials are often anonymized by role and industry. Repeated footer/book-club blocks and occasional unfinished-looking content (“Lorem ipsum”) weaken editorial polish. The client-list PDF adds specificity potential but is not summarized inline.",7.4,
Pam Hendrickson | https://www.pamhendrickson.com/,Pam Hendrickson,https://pamhendrickson.com/,"The hero promises to turn ideas into world-class content, marketable products, and engaging training programs for entrepreneurs, experts, growth-stage companies, and brands. Qualification is implicit through experience with major brands and a named CAP Method, while the primary CTA promotes the methodology (“Discover More”); secondary CTAs route to About, Work With Me, and a book. The promise is broad but clearly links ideas to market impact.",Hero promise > CAP Method teaser > Client logos > Aspirational problem statements > Origin/authority story > Method explanation > Coaching and consulting offers > Self-paced product ladder > Book CTA > Newsletter/contact capture,"Idea-to-market product creation; Content strategy and marketing; Training and curriculum design; Signature talks and authority positioning; CAP Method (Corporate, Academic, Personal Development); Entrepreneur and growth-stage company transformation; Impact, revenue and audience growth; Personal legacy and purposeful work","Authority combines a stated 25 years of experience, 18 years as Tony Robbins’s Executive Vice President of Content & Product Development, Brown University study, two best-selling books, named clients, board roles, client logos, and detailed testimonials. The strongest evidence is outcome-specific: a client cites nearly 40% revenue growth and 15–20% higher retention; others report a 3-year five-figure contract, 60%+ conversion, $24,000 revenue, and 4–5x course-investment recoupment. Some claims remain testimonial assertions without independent verification or methodology.","The architecture spans premium one-on-one coaching, limited-capacity consulting and done-for-you product creation, and three self-paced programs priced at $997, $997, and $1,997. Coaching uses a waitlist when full; consulting uses a qualification form requesting business size, products, niche, and specific request. Lower-friction conversion includes a CAP Method PDF, best-selling book purchase, newsletter (“Thinking Out Loud”), and direct contact. CTAs are clear but distributed across several competing paths rather than organized into one explicit funnel.","Copy starts with a transformation metaphor (“Bringing your ideas to life”), then mirrors prospect self-talk through quoted trigger statements about having a message, needing better products, or waiting to launch. The About narrative supplies a strong origin arc: corporate success, overwork, her mother’s death, a decision to leave Tony Robbins, and a mission around time, impact, and legacy. Qualification is strongest in offer-specific “Who This Is Built For” sections and forms. Repeated language—ideas, structure, impact, world-class, results—creates coherence, though “proven,” “winning,” and “maximize ROI” are often asserted rather than demonstrated.","Named-method bridge: convert biography into a memorable three-part operating framework; Self-talk problem mirror: let prospects recognize their own stalled-message or product situation; Offer-by-maturity ladder: separate coaching, enterprise consulting, and self-paced products; Explicit fit blocks: state who each offer is built for; Outcome-rich testimonials: pair emotional narrative with metrics; Origin-to-mission story: connect career pivot and personal loss to the client promise; Qualification form: collect niche, revenue/list size, existing offers, and request; Educational lead capture: use a method guide and newsletter before high-ticket contact","The site has unusually strong narrative coherence, offer breadth, and testimonial specificity, but several claims are dated or difficult to independently validate, including “world-class,” “best-selling,” “proven,” and broad ROI language. Client logos and named affiliations are not consistently contextualized with dates, scope, or links. The offer ladder is clear in inventory but not in recommended next step; multiple CTAs and legacy-looking product links may fragment conversion. The homepage has limited visible case-study structure beyond testimonials and does not clearly define current availability, pricing for premium services, or a single primary audience.",8,
Mike Koenigs | https://www.mikekoenigs.com/,Mike Koenigs,https://www.mikekoenigs.com/,"The homepage promises to help experts build “recession-proof, competition-proof” empires and become a “Category of One” brand. The implied audience is experts, entrepreneurs, and business owners with an impactful vision and message. Authority is signaled through celebrity-client names, media logos, and a Tony Robbins endorsement. The primary CTA is “Work With Me,” leading toward an application; a secondary web-class form captures first name, email, phone, and uses a “WATCH NOW” action.",Hero > Media/celebrity proof > Aspirational problem framing > Vision Day method > Client-name credibility > Work-with-Mike CTA > Podcasts/content > Newsletter/video lead capture > Footer contact,"Category-of-One personal branding; Reinvention and “Your Next Act”; Superpower/zone-of-genius business design; AI acceleration and capability amplification; Publishing, speaking, and authority building; Sales psychology and pitching; Lifestyle-compatible wealth and legacy; Cancer survivorship and emotional alignment","Proof is layered through named celebrity clients and endorsers, media/stage affiliations, bestselling-author counts, business-history timelines, customer testimonials, case-study metrics, and claimed exits/revenue. The About page supplies unusually detailed chronology, including stated revenues, customers, launches, and sales records; Work With Me adds outcomes such as 4x leads, 6x sales, million-dollar deals, and 3-day transformations. However, many claims are self-reported, lack linked primary evidence, and vary in headline figures (for example, 15-time versus 19x bestselling author).","The core offer is a high-ticket, application-based three-day Superpower Accelerator/Vision Day for entrepreneurs, founders, owners after an exit, or people seeking better customers and a stronger personal brand. Deliverables span clarity, brand, offer, pitch, credibility assets, lead-generation systems, sales scripts, website/campaign assets, podcast promotion, and AI workflows, followed by optional ongoing advisory support. CTAs repeat “Apply for Your Reinvention” or “Apply to Work With Mike,” while speaking has a booking CTA and free-book/speaker-kit lead magnets. Contact offers email, phone, form, and newsletter signup with a free gift.","The copy relies on transformation language (“Your Next Act,” “Category of One,” “recession-proof”), compressed-time contrast (“3 days” versus six months and a ten-person team), identity elevation, and high-status association. The About narrative uses cancer, burnout, wealth, family, quitting, and “soul hurts” as an origin-and-reinvention arc. Qualification appears through explicit audience scenarios, limited availability (“four spots”), application language, and requirements to be coachable and open to new ideas. Objections are addressed by emphasizing no homework, speed, concierge/family-office treatment, AI leverage, and premium quality, but price and operational boundaries are not disclosed.",Category-of-One positioning: turns generic consulting into identity-level differentiation; Vision Day entry point: makes an abstract transformation tangible; Proof timeline: converts biography into a chronological credibility asset; Named-endorsers stack: borrows authority while reinforcing social proof; Deliverable-based method: makes a premium service concrete; Scenario qualification: lets prospects self-identify by life/business stage; Speed-versus-complexity contrast: frames concentrated work as an advantage; Application CTA: filters for fit and supports high-ticket conversion,"The architecture is strong in promise, narrative, named proof, and premium-offer specificity, but the site is claim-dense and sometimes hyperbolic. Several numerical outcomes and “industry record” statements are not independently substantiated on-page; testimonials are largely quotes without dates, methodology, or linked case-study evidence. Navigation promises a Results page that resolves to a 404, and author-count claims differ across pages. The homepage’s form asks for mobile phone without clearly stating the lead magnet or follow-up expectations.",8,
Palarino | https://www.palarino.com/,Palarino Partners,https://www.palarino.com/,"The hero promises to build “World Class Product Management Teams,” aimed primarily at private software-company CEOs needing Product Managers, while also routing Product Managers to a separate path. The core qualification is unusually narrow specialization: recruiting Product Managers only. CTAs are bifurcated (“I NEED A PRODUCT MANAGER” / “I AM A PRODUCT MANAGER”) with “BOOK A CALL” as the direct conversion action; a video and testimonial provide early trust.",Dual-audience navigation > Hero promise > Audience split CTAs > Testimonial > What We Do/specialization > Product Manager importance/problem > Hiring-risk statistics > Method/audience pathways > Results/testimonials > Blog/content > Audience CTAs > 6-step guide lead magnet > Media/brand mentions > Contact/footer,Product Manager recruiting for private software companies; Mis-hire prevention and hiring economics; Product-management role education; Candidate career advancement and interview preparation; Executive-search specialization; Hiring-process guidance and onboarding; Dane Palarino founder expertise; Speaking and recruitment paradigm change,"Authority combines founder history, stated specialization, testimonials from clients and candidates, media mentions, and quantitative claims: “over 150 placements,” “north of $100 million” in client bottom-line revenue, “98%” target accuracy, and a claimed 15–24x salary cost for mis-hires. Testimonials include useful contextual detail—VP placement in New York, six candidates with four hires, and two finalists within ten days—but many endorsements remain unnamed beyond initials and lack dates or independently verifiable case-study documentation. Several media links and statistics require validation.","The apparent ladder is: free educational blog content and a downloadable six-step guide; audience-specific recruiting/candidate support; speaking engagements; and a direct booked-call/contact route. The homepage repeatedly presents the CEO and Product Manager paths, with “BOOK A CALL,” “FIND OUT MORE,” “SEE MORE RESULTS,” “DISCOVER MORE,” and “Inquire Now” as CTAs. The lead magnet is framed around attracting a world-class Product Manager and appears as a recurring footer/section offer, but the visible extraction does not show form fields, delivery detail, or qualification criteria.","The copy uses sharp category positioning (“sole focus”), loss aversion (“most costly expense; a mis-hire”), status language (“World Class,” “premier,” “Rolls Royce”), and a contrarian hierarchy claim that the Product Manager is the role that “really matters.” The About story supplies a strong origin mechanism: a delayed honeymoon and a client’s stalled VP Product hire exposed a recurring business risk, prompting the specialization. Qualification is mainly behavioral and audience-based—CEOs needing a Product Manager versus candidates seeking advancement—rather than explicit budget, company-stage, geography, or role-readiness filters. Speaking copy extends the founder story from poor recruiter outreach to a “breakthrough process.”",Narrow-category hero promise; Dual-audience routing; Cost-of-inaction statistics; Founder origin story tied to specialization; Evidence-rich testimonial library; Recurring lead magnet CTA; Audience-specific content pathways; Founder-led speaking/content authority,"The site has a clear niche and strong narrative, but content quality is weakened by apparent spam/injection on the homepage and About page, including unrelated Russian casino copy and an academic ghostwriting link. “98% accuracy,” “1 out of every 2 hires,” 15–24x cost, and “north of $100 million” are presented without methodology or primary evidence. Media citations appear unevenly matched to the claims, and the blog contains generic or SEO-like articles. Case studies, process detail, pricing/engagement model, and explicit client qualification are largely absent from the reviewed public pages.",7.1,
Christian Espinosa | https://christianespinosa.com/,Christian Espinosa,https://christianespinosa.com/,"The hero positions Espinosa as a medical-device cybersecurity and leadership authority: Air Force Academy veteran, Blue Goat Cyber founding CEO, bestselling author, and keynote speaker. The core promise is to treat device security as patient safety rather than a compliance checkbox, while helping technical leaders develop the human side of secure leadership. Authority is qualified through credentials, certifications, patents, and operating experience. Primary CTAs are “Book a Keynote,” “Read the Books,” and LinkedIn, with commercial cybersecurity work routed to Blue Goat Cyber.",Hero > Credentials strip > Why this work/why now > Founder story > Secure Methodology framework > Blue Goat Cyber company offer > Books > Keynotes and workshops > Endurance/lifestyle proof > Media coverage > Amazon reviews > Blog > Contact,"Medical-device cybersecurity and FDA readiness; human factors and emotional intelligence in technical leadership; The Secure Methodology; founder/operator experience; books and memoir; speaking and workshops; endurance, risk, and personal growth; ongoing field notes and podcast/media education","Proof combines quantified operating claims—250+ FDA submissions, zero cybersecurity-related rejections, 2–4 weeks to submission-ready, and a 100% clearance guarantee—with credentials including Air Force Academy engineering, MBA, CISSP/PMP/CRISC/CHPC, 25+ certifications, and six patents. It adds acquisition history, bestselling books, named media/podcast appearances, reviews, speaking examples, and extreme-sport achievements. Specificity is unusually high for a personal-brand site, though the FDA and guarantee claims are primarily self-reported and lack linked submission records, methodology, dates, or independently verifiable case studies.","The architecture spans three lanes: Blue Goat Cyber’s medical-device services (penetration testing, SBOMs, threat modeling, FDA documentation and discovery sessions); speaking (keynotes, panels, workshops, webinars, press kit and event inquiry); and intellectual-property products (books plus a self-paced 9-hour, 10-module Secure Methodology course). Team workshops are explicitly unavailable and invite a waitlist; 1:1 coaching is closed. CTAs are clearly separated by intent, while contact offers keynote, cybersecurity, and media lanes and a direct message form; no prominent free lead magnet is visible.","The site uses a strong identity transformation: “from the smartest person in the room, to the one finally in it.” It links technical failure to people, ego, communication, and belonging, then turns a six-blood-clot medical crisis into the emotional reason medical-device security became personal. Concrete tension comes from FDA clearance versus safe postmarket devices, technical brilliance versus leadership ceilings, and compliance versus patient safety. Qualification is strongest on speaking through audience, format, date, audience size, topic, and budget fields, with a two-business-day response promise. Objections are addressed through practical outcomes, workshop formats, named talks, and a clearance guarantee, but service case studies remain thin.","Identity-arc hero: pairs expertise with a memorable transformation; Quantified proof band: makes credentials and operating scale scannable; Named methodology: turns expertise into a repeatable seven-step IP asset; Multi-lane conversion: routes speaking, services, products, and media separately; Qualification form: captures budget, audience, date, format, and topic before inquiry; Origin-with-stakes narrative: ties personal crisis to mission; Evidence stack: combines credentials, books, media, reviews, and work metrics; Availability transparency: states closed or unavailable offers instead of overpromising","The architecture is coherent and premium, with strong specificity and a distinctive narrative. Main cautions are reliance on self-reported claims such as “100% FDA clearance guarantee,” “0 cyber rejections,” and “definitive” positioning without independent evidence or detailed case studies; “2–4 wk to submission-ready” lacks scope definition. Amazon reviews and media logos are referenced but not substantively surfaced in the extracted homepage, and the services lane could show more client outcomes, named engagements, or before/after evidence.",8.4,
Steve Rodgers | https://www.steverodgers.net/,Steve Rodgers,https://steverodgers.net/,"The hero positions Steve as a “Spiritual Business Activist” helping businesses and people grow abundance and profits while actualizing higher purpose. The audience is purpose-driven entrepreneurs, executives, leaders, teams, and organizations. Immediate qualification is mostly worldview-based rather than operational: visitors should want spiritual intelligence, meaning, and “Executive Zen.” Proof appears below through CEO credentials, international speaking, named stages, testimonials, and the book. Primary CTAs are to access a first book chapter/opt-in, buy The IGI Principles, or contact Steve.",Hero promise > Book-chapter opt-in > Executive Zen/Spiritual Intelligence explanation > Introductory video > Coaching/consulting/advising/speaking offer summary > International keynote proof and stages > Book promotion and endorsement > Testimonials/proof > Work With Steve > Footer contact,"IGI (Inviting God/Good In) versus ego; Spiritual Intelligence and Executive Zen; Purpose-driven leadership and servant leadership; Business growth, profits, and scaling; Transition-Transform-Evolve; Fear, resistance, and personal transformation; Keynote speaking and team performance; Life-work balance and fulfillment","Authority combines autobiographical credentials and third-party validation. Steve cites former CEO/president roles at Real Living Lifestyles and Prudential California/Berkshire Hathaway, says he has inspired over 1,000 audiences, lists many corporate and association stages, names speakers he shared stages with, features long client testimonials, recommendation letters, a Marshall Goldsmith endorsement, and a 4.7/5 book rating with 1,340 reviews. Evidence is strongest where names, organizations, roles, and event context are supplied; weaker where claims such as “Warren Buffet CEO,” “thousands of audiences,” “500% ROI,” and “98.5% client satisfaction” are presented without linked primary evidence or methodology.","The offer ladder spans a low-friction book-chapter opt-in, book purchase, media/podcast content, keynote speaking, and higher-touch coaching, consulting, advising, board advising, and training. Work With Me separates coaching for individuals/smaller entrepreneurs from consulting for companies and advising for boards or advisor groups, with distinct “Apply” CTAs. Speaking uses a qualification form requesting name, email, topic, date, company size, URL, and message; general contact is a simple name/email/message form. CTA hierarchy is clear in intent but repetitive, with the book opt-in recurring sitewide and no visible pricing or explicit diagnostic call structure.","The central hook is a memorable spiritual-business contrast: “EGO is Edging God Out. IGI is Inviting God In,” reinforced by “Lead to Gold” and “Transition-Transform-Evolve.” The About story supplies strong tension—small-town rejection, excess and addiction, a near-death health crisis, a daughter’s intervention, sobriety, then ascent to a $25 billion real-estate-company CEO role—before converting the crisis into a purpose narrative. Copy qualifies through worldview and self-identification questions (“Is this all there is?”, crossroads, stress, lack of purpose) rather than hard business criteria. Repeated “highest good,” “abundance,” and “purpose” language creates a consistent lexicon, but some pages feel templated or overextended, and spiritual claims may narrow fit for pragmatic buyers.","Signature framework naming: make the worldview memorable through IGI/EGO; Origin-to-method narrative: turn a personal wake-up call into a proprietary philosophy; Credential stack: pair executive history with named stages and endorsements; Segmented offers: distinguish coaching, consulting, advising, and speaking; Problem-identification checklist: let prospects self-qualify through recognizable crossroads; Topic-led speaking page: package talks by audience outcome; Proof library: centralize testimonials, letters, media, and stages; Persistent low-friction CTA: use a book chapter as the recurring entry point","The site has a distinctive thesis, substantial narrative, broad proof inventory, and clear service segmentation, but conversion clarity is diluted by repeated generalized language and many overlapping claims. Several metrics and superlatives lack methodology or primary documentation, including 500% coaching ROI, 98.5% satisfaction, “over 1,000 audiences,” and “Warren Buffet CEO.” The IGI Moments page contains visible lorem ipsum placeholders, while the application/contact flow exposes little about fit, process, duration, outcomes, or investment. Some testimonial and book-rating evidence is persuasive but not independently verifiable from the pages alone.",7.2,
Mike Burnett | https://www.mikeburnett.com/,Mike Burnett,https://mikeburnett.com/,"The hero promises to reveal the secrets of rapidly scaling a business to 7 figures and above, aimed broadly at entrepreneurs, founders, CEOs, coaches, consultants, experts, course creators, agencies, and advisors. Qualification is mostly audience labeling by business type; authority is introduced through media logos, claimed exits and $150M in combined revenue, and client testimonials lower on the page. The primary conversion is a low-friction email opt-in, “Mondays With Mike,” offering weekly marketing tips and actionable strategies.",Hero > Email opt-in > Media-logo proof > Program chooser > About/origin story > Success stories > Repeated email opt-in > Footer navigation,"Rapid business scaling; High-ticket sales and premium pricing; Marketing, positioning and differentiation; Entrepreneurship and business leadership; Personal potential and life enrichment; Values, family and legacy; Speaking and actionable teaching","Authority combines a claimed operating track record—multiple 6-, 7-, and 8-figure companies, exits, over $150M in combined revenue, and training more than 3,000 businesspeople—with media-logo displays and testimonials from named clients across finance, fitness, manufacturing, franchising, and digital marketing. Evidence is strongest where testimonials include concrete outcomes, such as $30,000–$200,000 phone sales and a claimed 10X revenue increase; however, the site provides little independently verifiable detail, dates, company names, case-study methodology, or linked media coverage.","The visible ladder runs from the free “Mondays With Mike” weekly email to three paid paths: an 8-week self-paced High-Ticket Sales Mastery program, the Prosper360 mastermind for established business leaders, and the 2-day Operation Elevation boot camp. Speaking is a separate premium service with fees starting at $10,000 and a booking form. CTAs prioritize newsletter capture (“GET YOUR WEEKLY BOOST”), while program pages appear mainly as navigation/positioning rather than detailed sales funnels; no visible pricing, application flow, diagnostic quiz, or downloadable lead magnet is evident on the reviewed pages.","The copy uses aspiration (“7-Figures+”), direct second-person questions, category-specific “WHO IT’S FOR” labels, and contrast framing such as “Most speakers merely entertain. A few move people to action.” The About story supplies a hardship-to-mastery arc: childhood work, debt and job loss, sales experience, entrepreneurial exits, then a “wake up” moment transitioning from building businesses to “building people.” Testimonials handle trust and outcome objections through specific client roles and occasional numeric claims. Qualification is light; the broad audience taxonomy and “good-natured” mastermind language are the main filters. Repeated phrases such as “secrets,” “true potential,” “real deal,” and “no-nonsense” create energy but can feel generic.","Outcome-led hero with explicit revenue aspiration—makes the transformation immediately legible; Audience taxonomy cards—helps visitors self-sort by business model or role; Free weekly email bridge—creates a low-friction owned-audience CTA; Offer triad by format and maturity—separates self-paced learning, community, and intensive implementation; Hardship-to-calling origin story—turns biography into mission and emotional credibility; Multi-industry testimonial grid—signals transferability across niches; Concrete testimonial outcomes—adds specificity where numbers and operational changes are named; Premium speaking qualifier—uses a starting fee and booking form to pre-filter demand","The architecture is clear but broad, with one aspirational promise covering many audiences and business stages. Claims such as $150M revenue, multiple successful exits, 3,000 trainees, major-media exposure, and “10X revenue” are not substantiated with company names, dates, source links, before/after metrics, or case-study detail. Media logos function as implied proof rather than documented references. Program positioning is understandable, but offer mechanics, pricing, delivery detail, outcomes, and qualification are thin; repeated testimonials and generic superlatives weaken differentiation.",7.1,
Dori Soukup | https://www.dorisoukup.com/,Dori Soukup,https://www.dorisoukup.com/,"The hero promises a profitable, “on autopilot” medical-aesthetics business and targets medical-spa owners and professionals seeking growth. Qualification is implicit through the niche-specific question, while authority is signaled by Dori’s author/advisor positioning and a “Featured In” strip below the hero. The primary CTA is a complimentary copy of her latest book, creating a low-friction lead capture; navigation and secondary CTAs point to About, Speaking, Work With Me, Contact, and a scheduled call.",Hero promise > Complimentary book CTA > Featured In > About/origin and 4S framework > Seminars and training > Speaking authority and topics > Webinar > Blog/resources > Application/inquiry CTA > Footer book CTA,"Medical aesthetics and medspa growth; Systems, structure, strategies, and solutions (4S’s); Marketing, positioning, and authority-building; Sales, profitability, and recurring revenue; Team leadership and operations; Guest experience and retention; Speaking, seminars, and education; Publishing and expert visibility","Authority is built through stated credentials—global speaker, four-time author, eight-figure business advisor, former Wyndham Resorts vice president—and through named company ownership, books, seminars, media/social presence, speaker testimonials, and client testimonials. Evidence is strongest where testimonials name people, organizations, and locations, including one claim of 37% growth after implementing tools and systems. However, most authority claims lack linked media, dates, methodology, or independently verifiable performance data; “Featured In” is not textually substantiated on the home page.","The visible ladder runs from free educational content and a complimentary book, to webinars, seminars, speaking, membership/resources, coaching, and a Success Planning Session with an MBU tour. CTAs include “Gain Access To My Book Now!”, “Key Speaker,” “Work With Me,” “Apply Now,” and strategic-call scheduling. The book and newsletter/podcast ecosystem provide lead capture, while the planning session functions as a discovery/application step. Pricing, program scope, deliverables, and explicit progression between offers are largely absent from the personal site and delegated to adjacent domains.","The copy uses aspiration (“profitable” and “on autopilot”), problem agitation around stress, low profits, weak positioning, and operational complexity, then resolves tension with the proprietary-sounding 4S’s framework. The About page supplies an origin arc from an 18-year hospitality career and a perceived corporate glass ceiling to entrepreneurship. Work With Me adds unusually direct qualification: positive prospects willing to learn, change, and implement are welcome, while “whiners” and magic-wand expectations are rejected. Speaking copy combines pain-point bullets with “tough love,” humor, energy, and quick-to-implement strategies. Claims such as “answer for just about everything” are attention-grabbing but overbroad.","Niche-specific hero promise: immediately names the market and desired business state; Proprietary framework: compresses a broad consulting method into a memorable 4-part model; Free book gateway: converts expertise into a tangible, low-friction lead magnet; Pain-point speaking bullets: frames event outcomes around recognizable business problems; Explicit fit filter: qualifies against passivity and unrealistic expectations; Proof-rich testimonials: names clients, organizations, and locations; Multi-format authority loop: links books, webinars, podcasts, seminars, and speaking; Discovery-session CTA: turns broad interest into a consultative next step","The architecture is clear and niche-focused, but home-page proof is thinly contextualized: media logos, awards, “globally recognized,” “eight-figure,” “thousands graduated,” and “standing room only” claims are not accompanied by dates, sources, counts, or case-study detail. Offer pages are fragmented across related domains, creating possible brand and conversion leakage. The site repeats the book CTA heavily, while services, pricing, deliverables, outcomes, and application criteria remain underexplained. Adjacent pages also vary between seven-figure and eight-figure advisor language, warranting claim consistency review.",7.2,
Mike Dillard | https://mikedillard.com/,Mike Dillard,https://mikedillard.com/,"The homepage leads with “Get My Weekly Newsletter” and promises help reaching full potential across “body, mind, money, & soul,” aimed at broadly aspirational entrepreneurs, investors, and self-improvement seekers. The primary conversion is newsletter signup, reinforced by “Join 125,000+ Subscribers.” Qualification is minimal; the promise is expansive rather than problem-specific. Authority is introduced through longevity and breadth (“over 25 years” helping millions), while secondary CTAs route visitors to Mike’s story, show, and ventures.",Hero newsletter opt-in > Broad purpose/mission statement > Business and wealth promise > Richer Every Day method/offer > Podcast positioning and subscribe CTAs > Story/about link > Footer newsletter/login/legal links,"Entrepreneurship and online business; Wealth building and investing; Crypto and financial education; Health, spirituality, and personal potential; Podcast interviews with high performers; Personal sovereignty and self-sustainable living; Entrepreneurial history and venture investing","Proof is primarily authority-by-biography: the About page cites three self-built eight-figure companies, a claimed $25MM+ history for two ventures, millionaire-by-27 origin story, named investments (ONNIT, Click & Grow, SpaceX, Gel Blaster, Bitcoin), Tiger 21 membership, and a podcast with “over 7 million downloads.” Reviews pages advertise “1,000+” testimonials, but the homepage itself presents little granular case-study evidence. Several claims are specific in magnitude or date, yet independent verification, methodology, and outcome context are generally absent.","The visible ladder runs from free weekly newsletter and podcast content to education/products: Richer Every Day, a Crypto 101 class, the CLEAR Algo indicator, and the Inner Circle private mentoring community. CTAs are mostly soft (“Subscribe Now,” “Read Mike’s Story,” “Learn More,” “Get My Portfolio”) and frequently redirect to external offer domains. The newsletter is the central lead capture, framed around investing, business growth, and life potential; the site also includes course login and support links. No prominent application, pricing, qualification form, or segmented funnel is visible on the reviewed pages.","The copy uses expansive identity language (“You’re Meant For More”), faith-and-purpose framing, and a redemption/origin arc: waiting tables, discovering copy and AdWords, selling a rough booklet, becoming a millionaire, then building and investing across categories. Tension is created through problems such as volatile entrepreneurial income, poor financial automation, and uncertainty about buying or selling assets. Scarcity and qualification are limited, while “raw and unfiltered vulnerability,” health crisis, toxic mold, and personal sovereignty create a contrarian intimacy. High-number claims and superlatives function as hooks, but can outpace demonstrated evidence.","Broad aspiration hero plus single newsletter CTA—captures visitors before segmenting intent; Biography-as-proof timeline—turns career history into authority; Venture portfolio page—uses named associations to expand credibility; Free media moat—podcast and episode archive create ongoing trust; Offer ecosystem—connects newsletter, content, tools, membership, and education; Origin-story mechanism—small scrappy beginning to large outcomes; External-domain CTA routing—lets specialized offers own conversion flows; Reviews hub—creates a dedicated proof destination","Architecture is coherent and content-rich, but the core promise spans four life domains and may dilute positioning. Evidence is uneven: “millions,” “8-figure,” “$25MM+,” podcast-download, tax-savings, and investment-performance-adjacent claims need substantiation and careful compliance review. The CLEAR Algo, Inner Circle, and Richer Every Day descriptions include financial or tax implications with limited risk framing beyond footer disclaimers. Reviews are linked but not meaningfully summarized on the homepage; segmentation, pricing, application criteria, and concrete client outcomes are largely missing.",7.1,
Vinh Giang | https://www.vinhgiang.com/,Vinh Giang,https://vinhgiang.com/,"The hero promises “Communicate with confidence” for a broad audience ranging from everyday communicators to keynote speakers. Vinh is positioned as an award-winning communication coach, public speaker, and entrepreneur, with 15 years’ experience. Immediate proof is quantitative—16M+ followers, 100K+ students taught, and 45+ countries reached—followed by two CTAs: a low-friction Free Masterclass and the paid Join Stage Academy path.",Announcement > Hero > Authority metrics > Trusted-by logos > Learn / Book / Free Resources pathways > Book preorder > Belief statement > Video/action proof > Origin story > Student testimonials > Free email series > Footer navigation,"Communication confidence and presence; Articulation, voice, pace and projection; Storytelling and influence; Everyday communication and small talk; Keynote speaking and leadership; Magic as a teaching metaphor; Personal transformation and identity; Connection and possibility","Authority combines social scale (16M+ followers), reach (45+ countries), education volume (100K+ students or graduates), named corporate associations including Microsoft, HSBC, and Google, trusted-by logos, award-winning/world-renowned positioning, and a large testimonial bank. Programs add 4.9/5 average rating and 92% saying training changed their career. Evidence is persuasive but unevenly specific: testimonials are mainly first-name narratives without roles, companies, baselines, or measurable outcomes, and aggregate claims have no visible methodology.","The ladder runs from free content and a Free Masterclass/free email series to Stage Academy (self-paced beginner), Stage Virtual Masterclass (five-day live), Stage Workshop (two-day in-person), and Stage Community (ongoing membership), with a separate premium speaking funnel. CTAs are clearly tiered: learn free, explore programs, join Academy, or Book Vinh. Speaking uses enquiry > discovery call > custom proposal > show day, while the contact form segments speaking, media, partnerships, programs, podcast, and support. Pricing and explicit budget/fit qualification are not shown.","The strongest narrative hook is “magician turned global communication expert”: misdirection, sleight of hand, commanding a room, refugee-family origins, third-language English, bullying, and a mentor’s lesson convert biography into a teaching philosophy. Copy repeatedly frames communication as a learnable instrument and links confidence to identity, influence, leadership, and connection. Qualification is light: program pages guide beginners toward Academy and deeper learners toward live formats; speaking FAQs address logistics, timing, customization, fees, travel, and technical needs. Objections are handled more thoroughly for event buyers than for learners, but claims such as “world’s greatest online learning experience,” “transformation guaranteed,” and “Standing Ovations Guaranteed” create unsupported tension.",Broad promise plus segmented next steps — serves both consumers and event buyers; Quantified authority strip — makes scale legible immediately; Origin-as-method story — turns unusual biography into proprietary teaching logic; Offer ladder with start-here guidance — reduces choice friction; Free-to-paid email bridge — captures learners before program conversion; Buyer-specific speaking workflow — makes a premium service feel operationally safe; Pillar-based program architecture — keeps curriculum and copy coherent; FAQ-led objection handling — anticipates logistics and commitment concerns,"The architecture is strong and conversion paths are obvious, but proof is less rigorous than the confidence of the claims. “Award-winning,” “world-renowned,” 16M+, 100K+, 4.9/5, 92%, “500+ events,” and guaranteed outcomes are not visibly sourced or defined. Student testimonials lack job context and measurable before/after results, and the speaking page uses learner testimonials instead of event case studies or buyer-specific outcomes. No public pricing, application threshold, capacity cue, or explicit budget qualification is visible.",8.1,
Dave Asprey | https://daveasprey.com/,Dave Asprey,https://daveasprey.com/,"The hero positions Asprey as the “Father of Biohacking” and promises stronger mental performance and physical results through longevity and human optimization. The implied audience is people dissatisfied with merely “good” energy, sleep, health, or performance and willing to experiment. Qualification is credential-led: Bulletproof Coffee founder, four-time NYT bestselling author, top-100 podcast, eight-time entrepreneur, and large social following. The main conversion is a free guide plus weekly “Inside Track” newsletter, supported by recommendations, brands, speaking, and content CTAs.",Authority hero > newsletter opt-in > dissatisfaction/problem agitation > personal health-crisis transformation > biohacking method and benefits > brands/recommendations > searchable content library > blog/podcast/media > testimonials and recognition > mission > challenges/books/products > speaking/media CTAs > newsletter/social footer,"Biohacking and human optimization; Longevity and biological aging; Brain performance and neuroscience; Nutrition, fasting, and metabolic flexibility; Sleep, light, and recovery; Consciousness and altered states; Entrepreneurship and brand building; Products, labs, and upgrade ecosystem","Authority is substantiated primarily through credential stacking, owned-media scale, named companies, books, conference history, media logos, shared-stage associations, and testimonials from recognizable health and business figures. The About page adds a detailed career timeline and self-reported outcomes such as losing 100+ pounds, reversing biological age, increasing IQ by 12+ points, and spending nearly $2 million on experimentation. This is specific in biography and milestones but weaker on independently verifiable studies, customer case data, or transparent methodology for health claims.","The ladder runs from free educational content, challenges, recommendations, and the Inside Track newsletter to books and product commerce, then to brands and services including Danger Coffee, Suppgrade Labs, Upgrade Labs, AXO, TrueDark, 40 Years of Zen, Beyond Conference, and Upgrade Collective mentorship. CTAs are broad and frequent: subscribe, read, shop, register, get started, order, and book Dave. Speaking uses a stronger qualification form requesting company, event size, budget, date, and request type; general contact routes inquiries by category but otherwise relies on detailed forms rather than an application narrative.","Copy repeatedly uses upgrade metaphors and contrast: “good” versus “great,” stuck versus in control, and effort versus payoff. The central narrative is a health crisis at 28 followed by self-directed experimentation, commercial ventures, and a mission to upgrade human biology “one cell at a time.” Tension comes from challenging conventional health advice and promising measurable optimization with less effort. Qualification is mostly identity-based (“Fixer,” biohacker, ambitious performer) rather than explicit exclusion. Speaking copy converts biography into event outcomes, while testimonials and named peers reduce perceived risk. Many claims rely on emphatic superlatives such as “world’s most exclusive” and “largest…on the planet.”","Credential strip above the fold — compresses authority into scannable proof; Problem-to-transformation bridge — turns dissatisfaction into a personal upgrade journey; Searchable content taxonomy — routes broad interests into durable topic pillars; Portfolio ecosystem page — converts personal authority into products, services, and investments; Testimonial-and-peer proof stack — combines expert quotes with recognizable affiliations; Qualification-rich speaking form — captures commercial intent and budget context; Persistent owned-media opt-in — makes newsletter the low-friction default conversion; Timeline-based origin story — turns biography into an innovation narrative","The architecture is rich and commercially connected, but the site repeats broad authority claims and promotional superlatives more than it supplies independent evidence. Health outcomes such as biological-age reversal and IQ gains, plus market-creation and “first ever” claims, are presented largely as self-reported assertions. Product and affiliate relationships can complicate perceived neutrality. The Contact page visibly contains placeholder-looking details such as “generalemail@yourdomain.com” and “333 Influence St, Expressed City,” which materially weaken trust and should be corrected.",8,
Frank Song | https://franksong.com/,Frank Song,https://franksong.com/,"The hero frames Frank as an entrepreneur and investor who rose “From Walmart to Wall Street,” with an “Against All Odds” survival-to-high-finance promise. The implied audience is founders, investors, executives, political/public-sector stakeholders, and media audiences rather than a narrowly defined buyer. Qualification comes through claims of $500 million in committed capital, $1 billion-plus transaction experience, and Senior Diplomatic Advisor status. Primary CTAs are credibility/media-led—“Continue to Forbes” and “Watch Bloomberg Interview”—while the direct contact path is secondary.",Hero > Media logos and external proof > Investor/enterprise-value positioning > Portfolio exits and transaction credentials > UN authority > Featured media and podcast content > About/story > Contact,"Rags-to-riches resilience and resourcefulness; Private equity, buyouts, and enterprise value creation; Investing in “unsexy” markets; Strategic acquisitions, technology, and performance marketing; Diplomatic and geopolitical access; Media and thought-leadership appearances; Family adversity and survival; Forthcoming documentary/film narrative","Authority is substantiated through layered numeric and institutional proof: $500 million in committed capital, $1 billion-plus in transactions, named former employer Accel-KKR and its $4 billion fund, portfolio companies with cited exits of $750 million and $130 million, a 200-plus-person team, Forbes/Bloomberg/USA Today/Nasdaq exposure, UN and World Economic Forum roles, and detailed About-page chronology. Specificity is unusually strong in finance and biography, but several claims rely on self-reporting or logo association without linked deal documentation, named clients, case studies, or independently verifiable operating outcomes.","The site presents an implicit high-end offer stack—capital partnerships/buyouts, confidential advisory for businesses with at least $10 million in revenue, political strategy advice, and potentially speaking/media opportunities—but does not organize these into explicit service pages, packages, outcomes, pricing logic, or application criteria. Credibility CTAs dominate the homepage; the only clear lead capture is a generic Contact form requesting name, email, phone, and message. There is no visible lead magnet, newsletter, discovery-call funnel, qualification questionnaire, or segmented CTA for founders, investors, media, or event organizers.","The copy uses a strong underdog-versus-odds tension: homelessness, family instability, and financial urgency become the origin story for resourcefulness and decision-making. Repeated contrasts—Walmart/Wall Street, struggle/success, unsexy markets/high finance—make the narrative memorable. The About page uses a chronological transformation arc with concrete ages, licenses, transactions, employers, and milestones; the documentary page heightens stakes through survival language and cinematic comparisons such as “The Pursuit of Happyness” meets “Joy.” Qualification is mostly status-based rather than behavioral: revenue thresholds and institutional credentials appear, but visitor objections, engagement process, fit criteria, and evidence of advisory outcomes are not addressed.",Underdog-to-authority arc — converts adversity into a differentiated worldview; Numeric credibility stack — makes otherwise abstract authority legible; Named institutional proof — compounds trust through recognizable organizations; Portfolio-exit strip — links investor identity to tangible outcomes; Chronological milestone narrative — turns biography into evidence; Authority-by-context pages — gives UN/WEF/Vatican credentials dedicated space; Media-first CTA hierarchy — borrows trust before asking for contact; Segmented offer architecture — should be added to translate broad authority into buyer-specific conversion paths,"The strongest weakness is conversion clarity: the site sells stature and story more clearly than a defined next step. Advisory and political-strategy claims are broad, confidential, and largely unsupported by client names, case studies, before/after metrics, or engagement mechanics. Institutional claims—especially UN, World Economic Forum, and Vatican descriptions—may be difficult for visitors to independently validate from the page alone and should be supported with official links or precise titles. Future-dated documentary and 2026 appearance language should be kept current. The Contact page’s generic form provides little qualification or expectation-setting.",7.4,
Christian Simpson | https://christian-simpson.com/,Christian Simpson,https://christian-simpson.com/,"The homepage promises an “exceptional career” with more influence, impact, and income, aimed chiefly at aspiring, established, and entrepreneurial Coaches seeking elite status. The hero qualifies authority through the claim of 40,000+ people trained across 170+ countries and a testimonial from Ken Sharrar, then routes visitors to a free masterclass. Secondary CTAs lead to the Conscious Coaching Academy, the personal story, books, resources, and contact.",Hero promise > authority statistic and testimonial > free masterclass > industry problem/agitation > success-story testimonials > blog/resources > Academy offer > book offer > repeated masterclass CTA > contact,"Elite influence and authority in coaching; transformational/conscious coaching methodology; Coach training and accreditation; coaching-business growth and leveraged income; personal mastery and self-transformation; industry standards versus unqualified practitioners; legacy, impact, and contribution; books, masterclasses, and live training","Authority combines scale claims (“over 40,000” trained in “170 countries”), an asserted European Quality Award via the European Mentoring & Coaching Council, named testimonials, alumni locations and video experiences, claimed work with Bob Proctor and John C. Maxwell, and a detailed origin story including a zero-to-million turnaround. Testimonials are often emotionally rich but rarely provide independently verifiable metrics, dates, before/after baselines, or linked case studies; several superlatives remain assertion-led.","The ladder runs from free video masterclasses and resource content, to low-ticket books (the book page shows £19.99), live/online trainings and summits, and the premium Elite Influencer Coaching Accreditation through the Conscious Coaching Academy. The main high-intent CTA is a paid “Alignment Assessment,” positioned as a mutual-fit consultation; Academy copy adds scarcity (250 participants annually) and explicit fit language. Contact uses tabbed consult, Academy, speaking, media, and support forms, while masterclass registration captures first name, last name, email, and optional telephone.","The site uses a strong elite-versus-average binary: “typical” Coaches are commoditised, while “Elite Influencers” are trained, credentialed, and consequential. Christian’s long-form origin narrative converts trauma, corporate success, business failure, divorce, addiction-related habits, and recovery into earned empathy and a transformation thesis. Qualification is unusually explicit: resources state who trainings are and are not for, rejecting casual browsers, small lifestyle ambitions, unwillingness to invest, and freebie-seeking. Repeated “far more influence, impact and income” language creates memorability, though the frequent superlatives and adversarial industry framing can read as hype.","Named proprietary category and credentialing; encode differentiated positioning beyond generic coaching; Long-form founder case narrative; turn failure, recovery, and lessons into authority; Explicit “for you/not for you” blocks; qualify prospects and reduce poor-fit leads; Mutual-fit paid assessment; use an application step before premium engagement; Proof stack with scale, accreditation, testimonials, and alumni; layer authority types while flagging evidence needs; Free masterclass to assessment funnel; use education as the primary lead-capture bridge; Offer ladder from books to accreditation; provide accessible entry points before high-ticket conversion","Architecture is coherent and conversion-oriented, but claims such as “world’s only,” “most transformational process known to mankind,” “unsurpassed,” “98%,” “98.7%,” “highest standards,” and “7-figure” outcomes need source, methodology, or date. Testimonials are largely unstructured endorsements rather than case studies with measurable outcomes. The Academy page contains strong exclusivity and scarcity cues, but pricing, duration, curriculum boundaries, assessment pass criteria, refund terms, and independent accreditation detail are not prominent in the extracted content. Repetition and sweeping industry criticism may weaken credibility for skeptical, sophisticated buyers.",8.1,
Scott Jarred | https://scottjarred.com/,Scott Jarred,https://scottjarred.com/,"The hero positions Scott as revolutionizing financial planning by moving from “managing wealth” to “building wealth,” with an emphasis on making money work for a business. It primarily targets entrepreneurs and successful business owners, while the surrounding site broadens the promise to financial freedom and a work-optional life. Credibility is introduced through Scott’s personal authority, featured-media logos, books, and Invst affiliation. Primary CTAs are “LET’S TALK” and “WORK WITH ME,” supported by a first-chapter email opt-in.",Hero > Lead magnet opt-in > Featured-in logos > Personal story and mission > Books/resources > Testimonials and success stories > Articles/blog > Speaking/media inquiry > Social proof/social links > Footer disclosures,Financial freedom and work-optional living; Entrepreneur wealth growth and protection; Business value acceleration and exit planning; Fiduciary/open-architecture advice; Personal financial “why” and the Four Freedoms; Books and financial education; Investment discipline and anti-speculation; Scott’s poverty-to-purpose origin story,"Authority is substantiated through Scott’s stated career history, CFP and wealth-advisor positioning, Invst’s fiduciary/independent identity, featured-media references, books, named endorsements, reader testimonials, interviews, and business scale claims. Specificity is uneven: the About page gives concrete claims such as founding Invst in 2016, reaching $100 million managed within months, billions in assets under advisement, a $300 million real-estate portfolio, 46-state reach, and multiple offices. However, the site supplies little dated, independently verifiable case evidence or client-level outcomes.","The ladder runs from free Accelerate chapter capture and financial resources to books, articles/videos, Invst wealth-management and business-value programs, retirement-plan and education platforms, and a private consulting session. CTAs include “READ THE CHAPTER,” “GET THE BOOK,” “DISCOVER MORE,” “APPLY NOW,” “REQUEST ME,” and a Calendly 60-minute “Book now.” Segmentation is relatively strong through growth-minded versus legacy-minded entrepreneur profiles, but qualification criteria, pricing, decision process, and application fields are largely absent.","The copy uses a freedom-versus-financial-control tension, direct pain lists, entrepreneurial identity labels, and proprietary metaphors such as “put the glass down and grab the pitcher,” “Game Board,” “INVST DNA,” “Value Acceleration Methodology,” and “Four Freedoms.” The origin story moves from poverty, food insecurity, and fear to wealth-advisor success and a costly break from “golden handcuffs,” making personal sacrifice the central narrative mechanism. Objections addressed include distrust of product-pushing institutions, conflicting advice, fear of spending, growth chaos, and exit uncertainty. Qualification is mostly psychographic—growth-minded or legacy-minded entrepreneur—rather than operational or financial.","Freedom-led category repositioning — turns a conventional service into a life outcome; Founder sacrifice story — makes the mission emotionally credible; Audience self-selection — separates growth-minded and legacy-minded buyers; Proprietary vocabulary — creates memorable frameworks such as Game Board and INVST DNA; Pain-to-outcome bridge — connects anxiety, trust, and exit problems to a work-optional promise; Multi-level CTA ladder — captures leads, sells books, invites discovery, and books consultations; Cross-sell ecosystem — extends one personal brand into wealth, business, retirement, education, and investing; Proof-plus-disclosure pairing — combines endorsements and scale claims with fiduciary and regulatory context","The architecture is clear and commercially ambitious, but proof quality is inconsistent. Claims such as “helped thousands,” “billions of assets,” “$300 million” in real estate, “46 states,” and a mission to help 1 million people need dates, definitions, and independent substantiation. The success-stories page contains repeated testimonials, “JOHN DOE,” “Profession Title Here,” a placeholder quote instruction, and “Lorem ipsum,” materially weakening trust. Reader praise is abundant but rarely ties to measurable client outcomes. Financial-service claims and testimonials also warrant careful compliance, disclosure, and currentness review.",7.1,
RJon Robins | https://rjonrobins.com/,RJon Robins,https://rjonrobins.com/,"The hero promises to “Grow Your Business, create predictable profits, and live a more fulfilled life,” aimed broadly at small-business owners, with a strong adjacent focus on solo and small law firms. Qualification is implicit through profit, responsibility, and no-excuses language rather than a stated client profile. Authority is signaled by “As seen on,” books, testimonials, and speaking credentials, while primary conversion is distributed across manifesto access, podcast subscription, speaking, media inquiries, and book purchases.",Hero > As-seen-on proof > No excuses/regrets/apologies manifesto > Profit philosophy/book preface > Podcast vault > Origin story > Speaking/media CTA > Testimonial > Book offers > Social follow,Predictable profit and business sustainability; Law-firm growth and management; Marketing machines and lead generation; Responsibility over excuses; No-apologies profit philosophy; No-regrets risk and failure; Clarification as a founder superpower; Speaking and podcast education,"Proof combines press-logo treatment, a detailed founder biography, named testimonials, books, podcast volume, speaking videos, and the claim of helping over 9,000 business owners. The speaking page adds contextual credentials, including Florida Bar practice-management experience and a claimed six consecutive Inc. 5000 appearances. Some proof is concrete—named people, firms, locations, revenue targets, episode dates, and topics—but press-page entries contain placeholder Lorem ipsum copy, and several scale claims are not independently evidenced on-page.","The visible ladder runs from free manifesto access and recurring podcast content to books—Profit First for Lawyers and The Automatic Marketing Machine—then toward speaking and broader business education; the site does not expose a clear consulting-program or application offer. CTAs include “Read full manifesto now,” “Go to the vault,” “Subscribe now,” Amazon orders, “Book me to speak,” and media inquiries. The manifesto popup captures company, name, and email, while speaking and media forms request increasingly qualified event or organizational details.","The copy uses provocative, polarizing imperatives—“No Apologies,” “No Excuses,” and “No Regrets”—to turn profit and failure into moral and emotional tension. The origin story is unusually dramatic: a sick wife, foreclosure, family violence, crime, repeated business instability, and eventual scale, culminating in clarification as a “superpower” and the rallying phrase “Take all your excuses, and shove them up your ass.” Qualification is values-based: prospects should reject excuses, accept responsibility, and be willing to act. Objections are handled through anti-shame reframing of profit, failure, and work-life freedom rather than FAQ-style rebuttals.","Manifesto-led positioning — makes worldview the entry point; Dramatic origin arc — converts adversity into method credibility; Named testimonial specificity — adds person, firm, place, and outcome context; Content vault — turns recurring podcast episodes into an owned authority archive; Book-led productization — packages frameworks into accessible entry offers; Values-based qualification — filters for responsibility and action; Topic-to-booking bridge — connects educational themes to speaking inquiry; Multi-intent CTA grid — serves buyers, listeners, event organizers, and media separately","The architecture has strong voice, clear recurring themes, and an unusually memorable founder narrative, but the conversion path to a high-ticket consulting engagement is unclear. The homepage mixes broad entrepreneurs with law-firm specialists without sharply segmenting journeys. Press proof is weakened by placeholder Lorem ipsum descriptions and repeated generic video links. Claims such as two eight-figure businesses, several seven-figure businesses, 9,000 owners helped, and six Inc. 5000 appearances need supporting details, dates, or links if used as primary authority.",7.4,
Eric Tippetts | https://erictippetts.com/,Eric Tippetts,https://erictippetts.com/,"The hero presents Eric as a mission-driven entrepreneur helping people create “abundance in your heart, soul, and wallet,” aimed broadly at entrepreneurs, home-business owners, and people seeking financial/personal growth. It leads with global-mission language and a speaking-history frame rather than a sharply defined segment or outcome. The primary CTA is a free, five-minute “Abundance Appraisal,” positioned as a mindset diagnostic; credibility is introduced through event/media logos and later testimonials, with no immediate qualification gate.",Hero mission > speaking/media credibility > free Abundance Appraisal > testimonials > blog/content > videos > Abundance Pub and podcast > media/speaking invitations > social proof/social links > recurring appraisal CTA and book-chapter capture,"Abundance and money mindset; entrepreneurship and home business; recruiting and network marketing; wealth creation and financial habits; blockchain/tokenization and social impact; positive media/podcast content; purpose, family, and personal growth; philanthropy through feeding children","Authority is substantiated through a long autobiographical narrative, named appearances or speaking contexts including the United Nations, Cannes Lion Festival, Facebook, NASDAQ, NYSE, and Larry King Live, plus testimonials from recognizable figures such as Zig Ziglar, Larry King, and Sam Caster. Offer pages add user testimonials and a few concrete-sounding outcomes, including “10,000 units a day,” a 50-plus-partner result, and a claimed ten-fold recruiting increase. Evidence is uneven: credentials and names are prominent, but dates, independent links, methodology, and case-study context are often missing.","The ladder spans free content and videos, the five-minute Abundance Appraisal, a free chapter of To The Top in exchange for name/email, The Abundance Pub/PUBcast, the Rocket Recruiting system for network marketers, and the To The Top book. CTAs vary by intent—start the appraisal, visit the Pub, become a guest, invite Eric for an interview, buy the book, or contact him. Contact forms separate interviews/talks, PUBcast guesting, customer support, and general inquiries, but there is no clearly described premium consulting or speaking package, pricing, calendar, or application process.","The central narrative uses a strong binary tension—his mother’s repeated “No, you can’t” versus his father’s “Yes, you can”—to turn childhood scarcity into a purpose story, culminating in “Yes, I can… Watch me.” Copy repeatedly reframes money as mindset and abundance as a moral/social force, pairing motivational language with entrepreneurial proof points and impact claims. Qualification is light: visitors self-select by wanting wealth, purpose, media exposure, or a home business. Objections are addressed emotionally through scarcity-versus-abundance framing, but practical concerns such as risk, suitability, cost, evidence standards, and implementation are largely not handled.","Origin-story polarity — memorable opposing voices create a repeatable belief shift; Diagnostic lead magnet — a short appraisal converts abstract mindset into a concrete next step; Proof constellation — recognizable names, venues, testimonials, and media clips stack authority; Offer ecosystem — book, tool, media platform, and podcast reinforce one worldview; Impact multiplier — linking each podcast episode to feeding 1,000 children adds mission-based motivation; Intent-specific contact paths — separate interview, guest, support, and inquiry routes; Recurring CTA — repeating the appraisal across pages sustains conversion focus; Founder-led content hub — blog, videos, podcast, and media coverage extend the brand beyond services","The architecture is rich in story, named proof, and cross-channel content, but the audience and flagship commercial outcome remain diffuse: abundance, blockchain, recruiting, financial education, and positive media coexist without a clear primary buyer journey. Several claims appear difficult to verify from the pages alone, including “earned millions and lost millions,” “10,000 units a day,” proprietary/tested appraisal language, and recurring child-feeding counts. Testimonials are often undated and lack before/after context, and legacy or duplicated content may weaken clarity and trust.",7.2,
Karim Naoum | https://karimnaoum.com/,Karim Naoum,https://karimnaoum.com/,"The hero positions Karim as “The Investor Who Scaled 400+ Section 8 Properties,” aimed at investors seeking government-backed rental income and a less hands-on path. The subline contrasts his speed/experience with beginners’ timelines. Authority is signaled through the 400+ property claim, media logos, and public-figure/interview proof. Primary CTA is “Book Your Strategy Call,” with a lower-friction “Watch the Free Masterclass”; downstream pages add capital, market, and goal-based qualification.",Hero > Media proof > Interview/social proof > Education and offer CTAs > Origin/about > Principles/method > Testimonials and student screenshots > Blog/content > Speaking/media > Foundation Kit capture > Social/footer CTA,Section 8/Housing Choice Voucher mechanics; Government-backed cash flow; Remote property acquisition; Market and deal underwriting; Systems-led portfolio operations; Investor education and mentorship; Origin story and operating principles; Boring Rich book/speaking,"Authority rests on self-reported scale claims—400+ Section 8 properties, 4,000+ investors, 40+ states—plus an unusually concrete origin story: housing-authority internship, first deal at 17, $5,000 down, seller financing. Media logos and named testimonials add borrowed authority; success-page community screenshots show offers, closings, and HAP payments. Evidence is directionally specific but thin on independently verifiable property-level data, dates, markets, returns, or full case-study context.","The ladder is unusually explicit: Launchpad ($6,800), Inner Circle ($9,999), and Legacy ($20,000), with increasing coaching access, sourcing, market selection, roadmap, and support duration. Capital bands and portfolio goals qualify buyers. Strategy calls are the conversion hub, framed as 30–45 minutes with a fit assessment and “no pitch” language. Free masterclass, Foundation Kit email capture, first book chapter, and $19.99 book create multiple low-friction entry points; speaking/media uses a detailed inquiry form.","The copy uses contrast and tension: former Section 8 employee versus owner of 400 rentals; “boring” government-backed cash flow versus speculative or chaotic strategies; remote ownership versus daily property management. The pressure-washer-to-operator story supplies origin credibility, while principles such as “cash flow is the only non-negotiable” function as doctrine. Objections are answered through remote operation, limited capital, no renovation, and no W-2 financing examples. Qualification is direct: available capital, target market, timeline, and desired property count. Repeated certainty—“government writes the check,” “pass inspection #1, every time”—can overstate variability.","Concrete origin-to-method arc — turns biography into operating credibility; Capital-banded offer ladder — qualifies and routes prospects; Tiered CTA ecosystem — balances application, education, book, and lead capture; Principle-led differentiation — creates memorable IP beyond generic investing advice; Objection-first copy — addresses capital, geography, time, renovations, and W-2 concerns; Speaking-topic packaging — converts expertise into bookable talks; Fit-call framing — reduces sales resistance with explicit disqualification; Proof stack — combines scale, media, testimonials, and community artifacts","The architecture and conversion routing are strong, but many headline numbers and superiority claims are self-reported. “Government-guaranteed” and “government pays” language may simplify HCV/HAP variability and should be carefully qualified. Student screenshots lack names, dates, markets, capital, and outcome context; testimonials are not developed as full case studies. Claims such as “one of the country’s largest,” “leading voice,” “pass inspection #1, every time,” and 2–3 hours weekly across 400 properties need independent substantiation. Homepage social counters also appear to render as 0K/0M.",8.1,
Darren Frank | https://darrenfrank.com/,Darren Frank,https://darrenfrank.com/,"The hero positions Darren as a “Sustainable Success Strategist for CEOs & Founders,” promising confidence through uncertainty when facing a merger, exit, acquisition, or another pivotal moment without a playbook. “Rewrite The Rules” is the central hook, with “Work With Darren” as the primary CTA. A secondary early-access form promotes the forthcoming book Unettered, while qualification is implicit: leaders whose growth, stakes, and consequences have outgrown their previous operating rules.",Hero > Problem/pressure framing > High-stakes audience scenarios > Leadership isolation > Tactical-problem reframing as transition > Anti-playbook positioning > Operating principles/method > Sustainable-success outcomes > Testimonial > Book early access > About/consulting CTA,"Leadership under pressure; Decision-making amid uncertainty; Operating principles; Sustainable success and long-term thinking; Growth, deals, and transitions; Founder identity and personal presence; Wellness-industry ethics and foresight","Authority is substantiated mainly through Darren’s autobiographical path across law, entrepreneurship, Japan, consulting, and the 2022–2025 Infusive co-founder/CEO-to-sale story. Services add one testimonial from Florian Kohler, identified as a World Champion Billiard Trick Shot Artist and business owner, describing venture-launch and deal support. Speaking adds a Patrick Combs endorsement and five topic outlines. Evidence is directionally credible but not very specific: there are no visible case studies, quantified outcomes, client roster, deal details, or clearly named “As Featured In” outlets.","The core offer is selective private 1-on-1 advising for CEOs and founders, framed around growth, transition, and high-stakes decisions. The delivery model is unusually concrete for a premium advisory page: weekly or biweekly conversations, between-session access, confidentiality, and support before, during, and after decisions. “Book a consult” is repeated as the dominant conversion CTA, while speaking has a separate invitation and qualification form requesting company, event size, and budget. The book early-access form is the main low-friction lead capture; newsletter signup is positioned as occasional and low-noise.","The copy uses tension between outward success and inward disorientation: “success looks right on paper, but doesn’t feel quite right,” “leadership gets lonelier,” and “you can succeed in the wrong way.” The About page supplies a strong origin narrative—law-firm burnout, walking away, losing everything in a fashion venture, Japan, then Infusive’s sale—and converts repeated reinvention into the “solve for the right things” philosophy. Qualification is mostly psychographic rather than operational: the prospect must be a CEO/founder at a moment when old rules no longer apply. Objections are handled by rejecting maps, copy-paste systems, and certainty in favor of capacity, steadiness, and principles.","Pressure-context hero framing — names high-stakes moments before explaining the service; Anti-playbook positioning — differentiates advisory from formulaic coaching; Problem-to-transition reframing — elevates tactical pain into a strategic identity shift; Operating-principles IP — creates a repeatable conceptual asset across services and speaking; Selective advisory model — signals premium access through privacy and continuity; Origin-as-credibility story — turns career pivots and failures into a coherent method; Topic-based speaking architecture — packages thought leadership into audience-specific talks; Dual CTA ladder — separates consult, speaking inquiry, and low-friction book/newsletter capture","The architecture and narrative are strong, but proof is comparatively light. The same testimonial appears repeatedly and contains visible spelling/grammar problems; “As Featured In” does not expose identifiable outlets in the extracted page content; benefits remain mostly qualitative; and no public case studies or quantified client outcomes are apparent. The contact page lists details that look placeholder-like (“333 Influence St,” “Expressed City,” and a 123 phone number), which could materially weaken trust if publicly live. Book timing is stated as late 2026, so the lead magnet is future-dependent.",7.4,
Rosebell Murigu | https://rosebellmurigu.com/,Rosebell Murigu,https://rosebellmurigu.com/,"The homepage positions Rosebell around “Medical Billing Acquisition & Expertise” and the resilience to “rise above and reinvent an industry.” The primary audience is medical-billing-company owners considering succession or sale, with a secondary personal-brand audience interested in entrepreneurship and women’s empowerment. Qualification is implicit through the industry-specific succession question. CTAs are story-led (“Read My Story”) and business-led (“Learn More About My Company”), with testimonials and contact forms supporting conversion.",Hero promise > Story introduction > Founder image/story CTA > Succession problem for medical-billing owners > Company solution/legacy continuation > Testimonials > Contact/lead capture,"Medical billing acquisition and succession; Business legacy preservation; Entrepreneurial resilience and reinvention; Immigrant achievement and overcoming disadvantage; Women’s empowerment and opportunity; IT, sales, operations, and business development expertise; Medical-billing company growth and consolidation","Authority combines a detailed origin story with concrete but mostly self-reported credentials: founder/CEO of Capstone Medical Billing Holdings, prior IBM and enterprise-client experience, IT and MBA education, a 3,000-plus-company cold-calling effort, and a three-year path to the first deal. Client testimonials name Amber Gonzalez-Perez and Gabi Hengel and reference acquisitions such as Quick Claimers, but the site provides limited measurable transaction, valuation, portfolio, or case-study evidence. Claims such as “far above normal market value” and doubling businesses are not independently substantiated on the reviewed pages.","The core offer is a succession/acquisition conversation for owners of medical billing companies: Capstone promises a high valuation, a low-headache transition, team continuity, and legacy growth. The hierarchy moves from homepage education and story CTAs to “get in touch,” phone/email contact, and a detailed contact form requiring company, title, and discussion topic. A lead magnet, “7 Big Mistakes To Avoid When Selling Your Medical Billing Business,” captures first name, last name, email, phone, and company, creating a useful top-of-funnel path alongside direct outreach.","The copy uses a strong transformation arc: economic disadvantage in Nairobi, early leadership over 200 girls, immigration, racial and gender bias in technology, a pivot from consulting to entrepreneurship, 3,000 cold calls, 2,850 outright rejections, and eventual acquisition success. Repeated legacy language reframes selling as preserving what owners built rather than abandoning it. Qualification is industry- and life-stage-based (“owner,” “succession strategy,” “next phase”). The narrative supplies emotional tension and persistence, while objections are handled through respect for the owner’s effort, valuation reassurance, zero-headache transition, and team continuity. Some language is broad or promotional rather than evidentiary.","Founder-origin proof arc—turn adversity and persistence into authority; Industry-specific qualification—filter visitors by owner status and succession timing; Legacy reframing—make acquisition emotionally safer by preserving identity and team; Dual CTA paths—story CTA for relationship-building and company CTA for commercial intent; Named testimonial strip—add recognizable client attribution near the offer; Lead-magnet capture—use a sale-readiness checklist to create a lower-friction entry point; Credential-to-offer bridge—connect IT, sales, and operations experience to acquisition capability","The architecture is clear and story-led, but proof is light for a high-trust acquisition offer. No publicly visible case-study pages, transaction details, portfolio metrics, valuation examples, process stages, timeline, buyer-capital explanation, or FAQ were found in the reviewed content. Testimonials are truncated and lack quantified outcomes. “Proven track record,” “far above normal market value,” and doubling a business within one or two years need supporting evidence. Contact forms contain validation/hidden-field text that should be removed from visible copy and the lead magnet’s delivery mechanism is not explained.",7.1,
Dorine Rivers | https://dorinerivers.com/,Dorine Rivers,https://dorinerivers.com/,"The homepage positions Rivers as a “creator. Founder. CEO.” and “professional rebel,” with the promise “Grit Knows No Limits.” Its practical audience is bold, audacious, gutsy entrepreneurs who already have ideas and want to move them into products, services, and revenue. The hero uses a branded video, then promotes a Brain to Bank introduction/book lead capture. Authority is implied through entrepreneurship, consulting, speaking, and adventure credentials; the main CTAs are book-related, plus Speaking & Media and an adventure/about link.","Identity/brand statement > Hero video > Brain to Bank lead capture > Entrepreneur problem and encouragement > Grit philosophy > Three core drivers (Revolutionize, Limitless Passion, Unbridled Adventure) > Personal/origin-style analogy > Speaking & Media > Book promotion",Grit and perseverance; idea-to-market execution; entrepreneurial mindset; organizational systems and processes; innovation and AI/EduTainment; female and later-life entrepreneurship; adventure as identity metaphor; books and speaking,"Authority is substantiated primarily through biography: more than 25 years helping companies build processes and systems, consulting across software/technology and medical/health sciences, founder/CEO status at Savantz.ai, a PhD in Business Management and Human & Organizational Systems, a master’s in Organizational Behavior, and PMP certification. The homepage also cites summiting Kilimanjaro and riding 500 miles in RAGBRAI. Proof is credential- and experience-specific, but the reviewed pages provide no named client outcomes, case studies, quantified business results, testimonials, media logos, or independently verifiable speaking evidence.","The clearest ladder is free Brain to Bank introduction/email capture > Brain to Bank book purchase > speaking or podcast invitation via the Speaking & Media form. The Books page also promotes Working Together Alone through Amazon. Speaking topics function as a menu rather than packaged services, covering grit, idea commercialization, mindset, entrepreneurship after 50, and female entrepreneurship. No public Services, Contact, Case Studies, application, consultation, or diagnostic pathway was found; guessed /contact/ and /services/ URLs return 404.","The copy repeatedly converts fear and stalled ideas into action using motorsport and expedition metaphors: ideas “rattling around” in the head, a “pit crew,” crossing the “finish line,” and telling fear of failure to “take a leap.” Rivers’ personal adventure stories—business creation, Kilimanjaro, and RAGBRAI—supply an origin mechanism for the grit thesis. Qualification is comparatively clear for the book: prospects already have a product/service idea and are ready to act. Speaking copy identifies event audiences and topics, but there is little objection handling, buyer segmentation, process detail, or evidence of outcomes. Some language is motivational and identity-led rather than operational.","Identity-led positioning—use a memorable archetype to frame the brand; Stalled-idea problem framing—name the gap between ideation and execution; Branded methodology—turn a repeated concept such as grit into an ownable organizing idea; Adventure metaphor system—make abstract resilience concrete through lived challenges; Credential stack—combine tenure, degrees, certification, and founder role; Topic-based speaking menu—make booking fit visible without overbuilding a service page; Book as low-friction entry offer—pair education with email capture and purchase CTA; Explicit book qualification—state who the offer is and is not for","The site has a coherent motivational theme and clear book/speaking destinations, but conversion architecture is thin. Core claims such as 25+ years, “successful consultant,” and “numerous ventures” lack named examples or measurable outcomes. No case studies, testimonials, client logos, pricing/process, contact route, or service offer is visible in the reviewed public paths. The homepage’s “Learn More” points to a 404 origin-story page, and raw shortcode text such as Gravity Forms/podcast components appears in extracted content, indicating implementation or maintenance issues.",5.8,
Steve Benedetto (PLF) | https://www.the-plf.com/,Steve Benedetto (The People’s Law Firm),https://www.the-plf.com/,"The hero reframes the firm as “more than a law firm. A movement,” aimed at injured people and people whose civil rights have been violated, with a secondary identity for Americans resisting institutional power. The promise is adversarial, human-centered representation against “assembly line justice,” supported immediately by media logos and a video prompt. Primary CTAs are “Apply for representation,” “Read my story,” and an e-book download; qualification is deferred into the philosophy and application pages rather than stated in the hero.",Hero/movement claim > Media proof > E-book lead magnet > Movement mission > About Steve/origin > Practice areas > Client stories > Philosophy/system critique > Representation options > Application/contact,Civil and injury rights; Anti-volume-law-firm positioning; People-Based Representation; Insurance-system critique; Survivor identity and resilience; Community justice and movement-building; Case outcomes and client stories; Legal education and media commentary,"Authority combines Steve’s biography—corporate-defense experience, judicial clerkship, prior firm growth, multistate licensure—with media placements, podcasts, named practice capabilities, testimonials, and detailed Victor Stories. The strongest proof is unusually specific: settlement amounts, original offers, timelines, litigation posture, and causal tactics (for example, $25,000 to $890,000 in five months and $0 to $1.6 million). Confidentiality is explicitly used to explain withheld identities, but many claims remain self-reported and lack linked court records or independent outcome verification.","The site presents a clear three-tier ladder: Comprehensive Representation, a paid/deferred Second Opinion Audit, and the low-cost People’s Law School waitlist. The main conversion is an “Apply for representation” form with injury type, incident details, diagnoses, fault, and video questions; the audit adds file upload, debrief, and deferred payment; the school and “Rigged” e-book capture email leads. CTAs escalate from low-friction download and waitlist to representation application, with a separate speaking/media inquiry path.","Copy uses movement language, antagonistic contrast, and direct second-person pain framing: insurance “makes the rules,” volume firms are cast as the problem, and the firm’s model is “People-Based Representation.” The Katrina origin story, family-service backstory, and Michael Brown catalyst create moral legitimacy and a clear transformation from corporate insider to public-interest advocate. Qualification is explicit and provocative: “victims need not apply”; the firm represents “survivors,” framed as people who pursue recovery rather than sympathy. Objections are addressed through litigation inclusion, attorney-led handling, file access, contingent fees, confidentiality/security, and the explanation that not every case is accepted.","Adversarial category creation — define the incumbent system as the enemy; Founder-as-insider story — turn prior opposition-side experience into strategic authority; Named methodology — package a human-centered model as proprietary IP; Proof-by-case anatomy — show offer, intervention, timeline, and result; Identity qualification — use survivor language to filter fit; Tiered access ladder — representation, audit, education; Lead magnet continuity — connect e-book capture to movement narrative; Structured intake — collect facts that qualify cases and prepare the sales conversation","The architecture is unusually coherent and conversion-aware, but rhetoric sometimes outruns substantiation: “one of the largest” payouts, “fastest growing,” “record” or extraordinary-settlement implications, and broad claims about volume firms and insurance practices are not consistently independently documented. The site should preserve confidentiality while adding court-docket links, third-party coverage, dated matter summaries, clearer jurisdiction/eligibility boundaries, and explicit disclaimers around results. The People’s Law School is marked “coming late-2025,” creating a potentially stale offer state.",8.6,
